DateTime,PM25_1,PM25_2,PM25_3,PM25_4,PM25_5,PM25_6
2021-01-01 00:00:00,10.94,9.19,13.208,11.86,11.943,10.985
2021-01-01 01:00:00,17.202,10.652,14.725,12.184,11.716,9.795
2021-01-01 02:00:00,12.949,10.9,12.488,13.173,15.084,33.993
2021-01-01 03:00:00,15.855,12.557,12.053,10.902,10.289,12.036
2021-01-01 04:00:00,11.1,16.855,11.454,11.781,16.285,11.762
2021-01-01 05:00:00,10.334,17.586,15.95,14.061,14.966,11.271
2021-01-01 06:00:00,12.608,10.685,10.191,9.024,12.249,12.498
2021-01-01 07:00:00,14.092,13.218,13.175,10.089,10.825,13.549
2021-01-01 08:00:00,10.746,11.736,12.571,9.695,11.298,12.047
2021-01-01 09:00:00,12.282,14.346,29.039,10.622,10.673,17.32
2021-01-01 10:00:00,13.789,8.408,13.848,8.654,15.77,11.676
2021-01-01 11:00:00,12.667,29.272,13.372,41.897,9.899,11.153
2021-01-01 12:00:00,17.48,14.029,11.012,9.331,13.588,9.081
2021-01-01 13:00:00,6.384,12.886,9.965,12.266,9.714,13.02
2021-01-01 14:00:00,12.433,10.943,9.385,12.138,15.126,11.708
2021-01-01 15:00:00,12.964,13.384,10.387,9.595,12.562,17.673
2021-01-01 16:00:00,11.623,10.495,13.417,8.095,12.103,14.578
2021-01-01 17:00:00,15.922,11.379,15.508,16.682,13.147,12.491
2021-01-01 18:00:00,13.195,13.433,10.664,13.244,11.81,11.82
2021-01-01 19:00:00,12.295,13.082,10.675,13.757,11.663,12.127
2021-01-01 20:00:00,11.144,12.452,12.939,11.346,14.97,11.999
2021-01-01 21:00:00,11.331,11.564,13.495,12.6,14.191,13.47
2021-01-01 22:00:00,9.38,14.984,9.32,12.476,15.243,9.437
2021-01-01 23:00:00,16.496,12.756,12.324,13.365,10.852,10.249
2021-01-02 00:00:00,12.049,16.632,8.16,15.258,11.424,13.412
2021-01-02 01:00:00,12.75,12.837,13.296,10.939,12.322,11.665
2021-01-02 02:00:00,16.709,12.231,8.153,9.136,10.317,12.164
2021-01-02 03:00:00,11.005,15.508,12.294,14.798,9.146,9.855
2021-01-02 04:00:00,9.48,14.662,13.39,13.455,13.372,9.306
2021-01-02 05:00:00,11.858,15.125,11.89,10.379,13.365,14.266
2021-01-02 06:00:00,14.274,14.205,10.618,12.794,11.0,10.162
2021-01-02 07:00:00,10.727,10.509,9.71,8.957,14.878,10.835
2021-01-02 08:00:00,12.825,11.383,17.379,11.429,15.881,11.465
2021-01-02 09:00:00,14.351,12.374,15.364,11.517,9.471,13.446
2021-01-02 10:00:00,15.488,10.277,15.006,9.521,10.715,10.606
2021-01-02 11:00:00,14.834,9.587,8.024,13.543,12.358,10.317
2021-01-02 12:00:00,13.644,8.098,8.181,8.322,11.066,10.4
2021-01-02 13:00:00,13.494,13.223,12.484,11.616,46.09,11.549
2021-01-02 14:00:00,11.815,10.695,11.351,12.58,10.784,13.42
2021-01-02 15:00:00,13.013,9.991,7.686,10.998,9.231,14.68
2021-01-02 16:00:00,13.298,11.771,11.614,11.792,8.361,11.886
2021-01-02 17:00:00,14.055,7.872,16.031,15.679,10.162,12.792
2021-01-02 18:00:00,10.975,12.014,9.937,8.581,12.22,10.452
2021-01-02 19:00:00,11.252,13.258,10.609,9.526,10.818,13.42
2021-01-02 20:00:00,11.741,14.894,16.24,9.138,15.244,12.553
2021-01-02 21:00:00,10.713,11.665,10.999,17.161,11.047,11.634
2021-01-02 22:00:00,9.747,10.477,10.884,10.683,10.848,10.164
2021-01-02 23:00:00,11.889,13.921,13.757,14.331,8.877,10.864
2021-01-03 00:00:00,13.81,5.908,8.696,10.178,13.359,10.507
2021-01-03 01:00:00,10.37,14.021,11.1,11.424,6.779,11.637
2021-01-03 02:00:00,19.402,11.886,18.039,12.262,14.063,14.006
2021-01-03 03:00:00,10.433,9.682,10.151,9.553,13.13,13.175
2021-01-03 04:00:00,15.644,15.124,8.048,12.25,11.603,10.683
2021-01-03 05:00:00,11.953,13.207,11.784,8.992,13.673,10.961
2021-01-03 06:00:00,14.47,13.648,6.352,14.99,9.467,27.6
2021-01-03 07:00:00,10.43,9.838,9.338,12.351,18.309,11.758
2021-01-03 08:00:00,13.665,11.872,8.833,11.296,11.24,18.905
2021-01-03 09:00:00,13.179,10.774,14.821,11.518,12.69,12.181
2021-01-03 10:00:00,12.261,8.986,11.783,13.994,9.76,13.832
2021-01-03 11:00:00,16.533,7.711,12.915,13.938,8.51,9.921
2021-01-03 12:00:00,9.881,15.794,12.554,14.193,12.423,12.002
2021-01-03 13:00:00,13.984,14.383,12.456,32.424,16.08,8.864
2021-01-03 14:00:00,9.308,14.65,9.967,8.584,13.096,13.421
2021-01-03 15:00:00,8.835,13.026,9.404,13.531,14.247,12.628
2021-01-03 16:00:00,11.182,13.246,9.884,10.423,17.689,16.515
2021-01-03 17:00:00,11.881,13.456,16.58,9.659,14.898,12.817
2021-01-03 18:00:00,12.512,11.587,10.274,10.619,15.501,12.427
2021-01-03 19:00:00,12.002,12.541,10.415,11.474,27.607,11.311
2021-01-03 20:00:00,11.938,7.546,13.658,8.127,14.214,9.885
2021-01-03 21:00:00,10.965,10.838,14.616,14.105,14.151,15.762
2021-01-03 22:00:00,11.472,14.15,7.968,13.851,16.691,13.297
2021-01-03 23:00:00,11.898,11.492,12.338,13.416,10.915,11.474
2021-01-04 00:00:00,12.435,12.61,13.149,8.388,15.385,11.556
2021-01-04 01:00:00,9.715,12.544,11.806,12.06,12.06,17.173
2021-01-04 02:00:00,14.591,15.463,12.185,9.971,15.354,13.498
2021-01-04 03:00:00,41.338,11.829,9.805,10.956,12.618,13.733
2021-01-04 04:00:00,11.148,11.855,13.956,16.078,10.888,12.618
2021-01-04 05:00:00,10.03,12.884,12.009,9.02,10.594,12.024
2021-01-04 06:00:00,13.466,15.403,12.964,6.555,11.243,7.442
2021-01-04 07:00:00,14.871,12.887,14.634,13.767,11.854,12.237
2021-01-04 08:00:00,12.092,15.646,13.998,11.022,12.413,14.85
2021-01-04 09:00:00,12.511,13.417,12.678,11.203,11.595,11.446
2021-01-04 10:00:00,13.116,13.259,12.475,15.962,11.068,9.992
2021-01-04 11:00:00,9.304,14.846,13.309,13.189,13.586,13.342
2021-01-04 12:00:00,11.543,42.223,13.859,9.974,14.28,13.043
2021-01-04 13:00:00,13.788,13.415,16.827,13.359,11.537,13.438
2021-01-04 14:00:00,12.924,12.955,15.721,12.545,12.204,14.154
2021-01-04 15:00:00,14.173,12.112,10.645,11.286,11.119,10.14
2021-01-04 16:00:00,11.21,13.982,9.803,15.832,12.787,14.801
2021-01-04 17:00:00,8.383,9.712,11.155,8.974,13.133,16.602
2021-01-04 18:00:00,13.075,15.963,12.853,11.533,11.894,11.118
2021-01-04 19:00:00,11.107,9.821,13.72,12.235,15.203,7.408
2021-01-04 20:00:00,12.867,15.72,11.409,12.222,10.95,13.665
2021-01-04 21:00:00,14.459,14.783,15.871,12.232,14.243,15.016
2021-01-04 22:00:00,12.971,13.753,13.889,8.922,13.505,11.707
2021-01-04 23:00:00,12.288,16.699,11.368,8.48,9.6,14.66
2021-01-05 00:00:00,9.91,13.622,15.571,16.34,11.874,12.248
2021-01-05 01:00:00,15.962,13.036,11.709,13.327,11.064,14.061
2021-01-05 02:00:00,11.835,13.948,15.073,12.793,9.212,10.887
2021-01-05 03:00:00,11.697,12.096,10.174,10.112,9.593,12.452
2021-01-05 04:00:00,12.276,11.053,11.606,10.967,11.92,12.78
2021-01-05 05:00:00,12.007,12.016,14.012,15.124,9.939,12.028
2021-01-05 06:00:00,11.073,13.829,14.095,13.261,15.249,11.159
2021-01-05 07:00:00,10.859,10.704,13.486,14.054,10.378,12.384
2021-01-05 08:00:00,15.236,7.565,9.943,13.116,12.385,11.978
2021-01-05 09:00:00,13.079,10.0,10.972,13.342,11.479,10.243
2021-01-05 10:00:00,10.072,20.743,12.52,14.958,9.838,16.529
2021-01-05 11:00:00,15.512,15.181,13.613,14.766,13.352,16.785
2021-01-05 12:00:00,15.342,10.56,12.78,10.031,10.54,9.692
2021-01-05 13:00:00,11.77,10.604,15.88,12.658,14.409,11.95
2021-01-05 14:00:00,14.259,12.099,11.372,16.846,11.243,10.331
2021-01-05 15:00:00,12.521,13.518,12.963,9.299,13.132,10.905
2021-01-05 16:00:00,12.675,11.866,11.201,14.841,13.316,12.553
2021-01-05 17:00:00,9.721,10.487,16.748,11.54,21.608,11.807
2021-01-05 18:00:00,13.942,12.582,12.412,9.962,10.191,16.287
2021-01-05 19:00:00,12.536,8.34,11.387,14.416,7.795,14.1
2021-01-05 20:00:00,10.227,11.11,5.05,12.724,16.07,12.608
2021-01-05 21:00:00,10.966,13.502,8.763,11.625,11.23,14.509
2021-01-05 22:00:00,11.966,10.96,12.202,14.445,13.502,13.821
2021-01-05 23:00:00,12.031,13.522,12.59,11.135,10.557,14.413
2021-01-06 00:00:00,15.284,11.395,11.392,11.118,12.04,13.279
2021-01-06 01:00:00,13.436,10.432,13.356,9.55,11.928,12.966
2021-01-06 02:00:00,13.987,12.233,9.081,13.771,12.818,15.465
2021-01-06 03:00:00,12.217,10.123,8.768,16.116,11.3,39.044
2021-01-06 04:00:00,15.284,10.037,9.873,9.929,17.521,10.274
2021-01-06 05:00:00,14.139,10.26,8.586,10.659,11.36,6.892
2021-01-06 06:00:00,35.854,11.022,16.334,12.531,8.651,8.771
2021-01-06 07:00:00,14.228,12.891,6.45,12.375,12.838,12.092
2021-01-06 08:00:00,9.37,13.237,14.2,11.473,15.831,15.337
2021-01-06 09:00:00,11.892,13.425,14.962,12.747,14.099,13.4
2021-01-06 10:00:00,14.686,17.403,11.585,11.161,14.526,11.003
2021-01-06 11:00:00,15.443,15.962,9.407,9.673,12.393,9.264
2021-01-06 12:00:00,12.734,11.375,13.793,11.8,12.263,10.099
2021-01-06 13:00:00,14.292,16.714,14.89,12.085,14.542,15.875
2021-01-06 14:00:00,11.394,16.605,10.853,10.952,13.308,9.509
2021-01-06 15:00:00,13.987,14.849,10.849,14.395,10.915,12.157
2021-01-06 16:00:00,10.885,11.476,8.723,12.26,13.268,12.368
2021-01-06 17:00:00,16.245,12.354,14.575,12.497,11.167,14.359
2021-01-06 18:00:00,9.058,11.557,10.496,16.011,9.883,12.929
2021-01-06 19:00:00,12.088,11.275,12.779,11.227,13.609,11.613
2021-01-06 20:00:00,38.616,12.503,13.298,17.243,12.796,12.905
2021-01-06 21:00:00,11.671,12.588,11.137,10.183,10.918,8.14
2021-01-06 22:00:00,12.65,12.638,10.854,13.333,10.072,13.553
2021-01-06 23:00:00,16.026,11.156,15.296,14.361,14.109,9.559
2021-01-07 00:00:00,13.532,14.754,13.129,13.706,11.911,15.168
2021-01-07 01:00:00,16.375,15.326,14.028,13.559,12.919,12.664
2021-01-07 02:00:00,12.566,10.728,8.424,14.232,11.483,11.281
2021-01-07 03:00:00,12.708,13.348,9.585,15.207,17.147,16.678
2021-01-07 04:00:00,13.156,14.129,13.662,14.952,15.652,11.203
2021-01-07 05:00:00,13.972,7.972,11.485,33.894,9.466,8.208
2021-01-07 06:00:00,13.054,11.415,11.223,11.382,16.717,14.688
2021-01-07 07:00:00,9.846,10.081,7.958,14.957,11.645,9.129
2021-01-07 08:00:00,15.957,11.445,11.497,9.574,12.552,11.554
2021-01-07 09:00:00,15.602,10.898,15.469,14.346,12.018,10.62
2021-01-07 10:00:00,13.042,14.668,14.556,8.64,10.233,11.45
2021-01-07 11:00:00,14.532,11.738,11.405,11.96,15.18,7.002
2021-01-07 12:00:00,7.499,14.679,12.469,10.97,12.73,7.426
2021-01-07 13:00:00,13.43,15.875,12.141,10.993,8.038,9.094
2021-01-07 14:00:00,16.277,12.571,16.469,14.772,11.884,12.648
2021-01-07 15:00:00,12.114,13.662,11.281,12.396,30.947,14.751
2021-01-07 16:00:00,13.699,8.883,11.689,18.782,10.968,11.934
2021-01-07 17:00:00,11.894,13.312,12.497,12.378,14.055,14.259
2021-01-07 18:00:00,14.442,10.928,12.844,14.281,16.798,8.345
2021-01-07 19:00:00,12.392,14.094,12.213,13.485,12.108,14.961
2021-01-07 20:00:00,14.326,12.483,37.907,14.425,8.616,12.395
2021-01-07 21:00:00,11.304,10.242,11.451,13.896,9.958,11.277
2021-01-07 22:00:00,11.24,11.252,9.809,14.757,11.251,12.112
2021-01-07 23:00:00,16.5,10.841,13.873,15.218,10.492,13.722
2021-01-08 00:00:00,11.198,11.148,14.556,13.986,10.507,12.74
2021-01-08 01:00:00,14.876,12.249,12.415,15.926,14.122,8.552
2021-01-08 02:00:00,12.883,7.673,13.778,13.613,11.934,12.537
2021-01-08 03:00:00,11.037,14.139,11.799,17.424,13.026,10.421
2021-01-08 04:00:00,12.283,11.06,9.093,12.697,11.177,10.316
2021-01-08 05:00:00,14.583,11.27,14.184,13.145,10.219,7.594
2021-01-08 06:00:00,11.265,16.148,14.498,14.109,14.488,13.028
2021-01-08 07:00:00,12.901,11.889,14.652,10.744,13.068,13.52
2021-01-08 08:00:00,9.641,8.441,12.556,12.936,11.698,14.579
2021-01-08 09:00:00,10.576,10.62,12.838,12.111,12.913,8.821
2021-01-08 10:00:00,12.226,10.767,14.193,7.512,9.18,13.786
2021-01-08 11:00:00,10.401,7.141,7.885,10.885,12.842,16.4
2021-01-08 12:00:00,13.904,16.097,14.447,10.923,15.927,12.157
2021-01-08 13:00:00,37.089,12.76,9.789,14.287,13.138,14.362
2021-01-08 14:00:00,11.33,11.661,10.885,16.116,13.34,10.214
2021-01-08 15:00:00,12.319,9.891,11.845,14.848,9.946,10.415
2021-01-08 16:00:00,13.472,16.294,13.622,12.206,8.381,12.423
2021-01-08 17:00:00,13.574,10.625,9.487,12.321,14.262,9.399
2021-01-08 18:00:00,10.847,13.433,12.619,12.719,12.291,10.041
2021-01-08 19:00:00,10.774,15.464,12.966,14.281,39.462,13.919
2021-01-08 20:00:00,15.839,12.002,13.638,13.447,11.108,14.849
2021-01-08 21:00:00,12.459,11.143,13.689,13.746,10.914,10.741
2021-01-08 22:00:00,13.677,7.326,11.321,15.352,15.549,12.598
2021-01-08 23:00:00,12.875,14.438,12.894,8.018,13.499,11.624
2021-01-09 00:00:00,13.234,10.242,9.572,14.319,15.108,13.698
2021-01-09 01:00:00,14.123,12.938,11.565,12.96,15.352,18.057
2021-01-09 02:00:00,12.684,10.316,13.811,12.513,12.149,13.199
2021-01-09 03:00:00,17.949,12.408,10.043,12.619,7.733,12.546
2021-01-09 04:00:00,12.665,13.361,13.766,12.892,12.346,15.576
2021-01-09 05:00:00,11.723,11.975,12.819,10.301,12.221,13.366
2021-01-09 06:00:00,12.846,11.044,11.198,13.001,10.941,8.373
2021-01-09 07:00:00,14.481,9.813,8.707,13.154,14.246,11.76
2021-01-09 08:00:00,29.434,11.649,13.754,9.67,16.129,14.461
2021-01-09 09:00:00,12.988,15.711,8.205,12.432,10.838,9.306
2021-01-09 10:00:00,7.34,15.456,9.83,7.482,10.298,10.925
2021-01-09 11:00:00,14.022,12.616,10.525,11.977,12.445,12.366
2021-01-09 12:00:00,10.109,8.879,13.981,16.075,12.682,14.572
2021-01-09 13:00:00,10.84,11.605,12.448,14.517,11.282,12.002
2021-01-09 14:00:00,12.807,10.696,10.72,12.898,11.883,10.497
2021-01-09 15:00:00,9.028,11.392,10.963,46.075,12.208,12.653
2021-01-09 16:00:00,9.522,8.514,12.224,12.867,9.158,8.641
2021-01-09 17:00:00,10.548,11.145,11.863,12.118,9.299,15.404
2021-01-09 18:00:00,14.333,14.609,12.928,12.781,11.86,14.908
2021-01-09 19:00:00,13.57,12.255,12.126,10.684,14.926,12.195
2021-01-09 20:00:00,13.226,12.576,9.201,14.384,9.287,9.282
2021-01-09 21:00:00,11.485,16.151,14.617,9.888,11.884,15.052
2021-01-09 22:00:00,15.114,10.826,11.128,11.267,11.103,7.689
2021-01-09 23:00:00,12.784,11.37,12.817,10.471,12.965,14.383
2021-01-10 00:00:00,10.687,10.166,10.488,14.131,13.12,6.458
2021-01-10 01:00:00,10.631,12.192,10.482,11.241,13.232,16.567
2021-01-10 02:00:00,13.169,14.077,13.179,13.104,14.148,12.29
2021-01-10 03:00:00,15.255,10.719,14.77,15.748,12.526,12.205
2021-01-10 04:00:00,13.026,13.812,8.061,14.632,12.608,11.412
2021-01-10 05:00:00,16.318,13.862,11.705,10.011,17.1,13.615
2021-01-10 06:00:00,14.95,14.589,13.749,12.965,10.791,14.503
2021-01-10 07:00:00,12.095,13.525,13.253,12.876,11.563,10.103
2021-01-10 08:00:00,11.948,9.802,10.9,14.954,12.156,6.108
2021-01-10 09:00:00,11.5,11.496,13.261,12.669,11.223,10.904
2021-01-10 10:00:00,10.849,13.642,12.1,12.019,13.138,12.921
2021-01-10 11:00:00,9.442,12.582,12.226,8.975,14.307,12.286
2021-01-10 12:00:00,8.295,11.267,11.001,14.687,15.571,11.293
2021-01-10 13:00:00,9.334,10.864,10.585,11.36,14.876,12.509
2021-01-10 14:00:00,11.901,12.287,8.777,13.666,11.181,9.764
2021-01-10 15:00:00,16.172,7.996,14.11,10.313,11.306,17.754
2021-01-10 16:00:00,14.59,14.085,11.745,13.444,12.083,8.71
2021-01-10 17:00:00,17.09,10.514,12.548,14.468,12.31,13.012
2021-01-10 18:00:00,13.036,10.665,10.075,17.465,15.391,13.63
2021-01-10 19:00:00,16.141,12.695,13.214,16.214,10.415,10.171
2021-01-10 20:00:00,14.671,12.854,12.658,12.811,14.731,13.692
2021-01-10 21:00:00,9.218,11.323,8.364,13.016,11.704,11.093
2021-01-10 22:00:00,13.211,8.035,14.458,15.724,10.177,15.234
2021-01-10 23:00:00,13.83,16.205,5.251,12.368,10.241,12.325
2021-01-11 00:00:00,9.604,13.22,11.878,11.422,12.523,11.358
2021-01-11 01:00:00,13.035,11.763,10.559,12.091,11.827,14.917
2021-01-11 02:00:00,10.173,11.935,15.038,11.407,11.48,10.184
2021-01-11 03:00:00,13.797,12.483,10.817,15.392,11.819,13.1
2021-01-11 04:00:00,11.669,11.105,11.513,13.282,12.778,11.325
2021-01-11 05:00:00,11.565,10.391,11.637,11.599,11.868,14.747
2021-01-11 06:00:00,11.639,11.051,11.992,12.495,14.706,11.09
2021-01-11 07:00:00,11.678,10.767,13.654,9.429,10.878,9.055
2021-01-11 08:00:00,12.868,11.069,12.632,9.816,16.566,13.632
2021-01-11 09:00:00,12.325,15.669,11.55,14.628,11.772,9.348
2021-01-11 10:00:00,12.954,11.172,11.834,12.281,8.563,13.327
2021-01-11 11:00:00,10.432,15.454,12.741,15.623,10.952,13.126
2021-01-11 12:00:00,14.419,8.848,13.626,12.985,10.199,15.691
2021-01-11 13:00:00,12.831,15.377,9.337,10.127,11.554,9.213
2021-01-11 14:00:00,10.895,9.685,9.96,10.155,12.843,14.403
2021-01-11 15:00:00,10.276,12.261,14.41,14.263,14.225,12.549
2021-01-11 16:00:00,8.432,13.997,9.816,12.208,14.942,9.624
2021-01-11 17:00:00,15.618,46.005,13.044,9.914,10.143,13.168
2021-01-11 18:00:00,45.725,14.695,12.175,9.546,9.783,40.748
2021-01-11 19:00:00,11.816,12.342,15.229,12.696,12.583,15.622
2021-01-11 20:00:00,15.821,13.255,15.026,15.379,13.603,12.41
2021-01-11 21:00:00,17.302,14.748,14.616,17.754,13.404,12.78
2021-01-11 22:00:00,11.964,11.611,17.205,11.889,12.557,11.714
2021-01-11 23:00:00,13.926,13.168,12.916,13.552,11.203,17.234
2021-01-12 00:00:00,14.013,11.243,12.393,14.051,10.152,10.865
2021-01-12 01:00:00,13.137,14.988,12.331,12.464,13.002,10.571
2021-01-12 02:00:00,11.858,13.314,11.688,11.399,11.588,13.659
2021-01-12 03:00:00,14.56,9.497,14.555,14.534,13.408,11.589
2021-01-12 04:00:00,12.883,9.094,12.434,17.02,12.401,13.112
2021-01-12 05:00:00,16.947,14.043,14.74,14.904,9.89,8.061
2021-01-12 06:00:00,10.578,12.135,13.591,10.386,12.221,14.951
2021-01-12 07:00:00,10.654,11.139,11.276,14.129,36.061,13.528
2021-01-12 08:00:00,11.584,10.878,12.06,9.7,16.536,10.767
2021-01-12 09:00:00,11.763,10.439,11.773,15.177,15.535,10.425
2021-01-12 10:00:00,14.511,11.264,11.441,8.712,14.882,12.706
2021-01-12 11:00:00,12.394,8.456,45.662,13.295,10.392,13.562
2021-01-12 12:00:00,14.578,12.412,12.138,10.589,13.32,11.519
2021-01-12 13:00:00,9.905,13.741,13.762,13.443,16.349,11.995
2021-01-12 14:00:00,12.861,10.635,10.423,10.961,13.085,12.751
2021-01-12 15:00:00,15.671,13.902,14.612,15.313,17.128,13.126
2021-01-12 16:00:00,13.067,10.247,14.993,9.435,8.78,12.879
2021-01-12 17:00:00,11.084,13.888,13.944,12.246,8.938,13.039
2021-01-12 18:00:00,15.543,11.25,12.237,12.501,14.476,15.281
2021-01-12 19:00:00,14.639,15.818,14.045,10.611,11.557,12.286
2021-01-12 20:00:00,13.709,16.126,13.358,8.866,7.936,9.862
2021-01-12 21:00:00,12.516,12.484,13.647,11.706,11.033,12.791
2021-01-12 22:00:00,6.368,11.722,12.19,13.206,13.161,13.879
2021-01-12 23:00:00,12.547,11.812,13.324,13.949,11.268,10.065
2021-01-13 00:00:00,14.175,16.687,9.53,9.508,14.228,14.77
2021-01-13 01:00:00,13.396,12.516,10.814,10.435,10.087,10.964
2021-01-13 02:00:00,13.966,10.782,12.637,15.51,6.853,13.994
2021-01-13 03:00:00,12.126,8.265,13.353,14.589,14.574,17.717
2021-01-13 04:00:00,13.556,11.413,9.671,13.555,14.211,13.141
2021-01-13 05:00:00,8.25,12.394,15.887,8.113,11.079,9.902
2021-01-13 06:00:00,18.232,14.3,14.574,10.243,11.695,9.564
2021-01-13 07:00:00,15.551,11.016,15.474,12.935,9.65,10.709
2021-01-13 08:00:00,13.736,11.243,15.048,13.779,13.545,14.613
2021-01-13 09:00:00,12.429,12.635,11.932,11.821,9.181,11.836
2021-01-13 10:00:00,12.66,13.145,10.797,13.723,12.836,15.146
2021-01-13 11:00:00,9.665,11.245,12.764,13.497,13.03,10.069
2021-01-13 12:00:00,11.407,13.404,17.298,11.664,12.716,13.865
2021-01-13 13:00:00,14.237,15.4,7.347,13.19,10.504,15.297
2021-01-13 14:00:00,13.723,12.592,9.916,13.707,13.756,9.767
2021-01-13 15:00:00,13.498,13.569,12.462,10.698,12.738,9.221
2021-01-13 16:00:00,11.997,13.506,11.516,12.711,14.518,8.071
2021-01-13 17:00:00,9.587,14.624,10.388,11.947,10.38,10.832
2021-01-13 18:00:00,12.067,14.732,14.551,11.839,12.731,11.314
2021-01-13 19:00:00,8.007,14.07,7.219,12.612,11.276,10.874
2021-01-13 20:00:00,10.693,12.01,13.704,9.73,13.238,13.358
2021-01-13 21:00:00,11.929,9.685,12.31,12.379,10.777,10.841
2021-01-13 22:00:00,14.455,10.044,10.477,9.606,10.385,14.139
2021-01-13 23:00:00,12.883,7.156,10.51,15.039,12.168,15.233
2021-01-14 00:00:00,12.317,16.377,15.718,13.073,8.685,12.581
2021-01-14 01:00:00,14.169,15.739,13.863,9.327,10.11,11.514
2021-01-14 02:00:00,10.032,12.493,11.978,12.911,10.779,15.666
2021-01-14 03:00:00,13.255,12.137,10.232,10.648,9.357,14.928
2021-01-14 04:00:00,13.992,13.946,12.12,12.021,13.325,12.895
2021-01-14 05:00:00,10.732,10.34,16.503,12.408,13.971,10.817
2021-01-14 06:00:00,11.931,9.073,16.591,14.177,12.499,10.844
2021-01-14 07:00:00,9.589,11.751,10.637,13.852,11.295,12.363
2021-01-14 08:00:00,7.197,12.205,7.637,10.857,12.116,13.059
2021-01-14 09:00:00,9.961,9.679,10.214,12.638,12.586,11.687
2021-01-14 10:00:00,13.093,11.07,17.117,8.661,12.111,17.889
2021-01-14 11:00:00,13.693,11.534,13.588,11.015,13.163,12.288
2021-01-14 12:00:00,12.286,17.978,12.872,12.678,13.526,10.123
2021-01-14 13:00:00,10.346,12.83,10.933,13.062,7.146,10.089
2021-01-14 14:00:00,10.605,11.12,13.188,12.791,13.995,6.978
2021-01-14 15:00:00,9.018,12.834,13.873,7.483,10.837,9.253
2021-01-14 16:00:00,14.507,12.395,13.446,14.622,9.83,12.608
2021-01-14 17:00:00,12.86,13.089,10.375,10.714,13.973,11.315
2021-01-14 18:00:00,16.55,12.442,11.326,14.472,9.62,15.627
2021-01-14 19:00:00,14.872,11.144,14.775,14.483,13.003,13.503
2021-01-14 20:00:00,8.126,13.3,11.657,13.876,10.269,9.914
2021-01-14 21:00:00,8.616,13.573,11.335,15.66,9.433,13.756
2021-01-14 22:00:00,10.012,14.255,13.246,13.315,8.967,13.795
2021-01-14 23:00:00,12.459,11.887,10.853,11.767,15.02,13.165
2021-01-15 00:00:00,15.314,13.422,11.664,11.714,12.554,11.575
2021-01-15 01:00:00,13.737,12.624,12.69,9.456,12.928,14.284
2021-01-15 02:00:00,13.887,10.304,9.93,14.47,10.069,12.814
2021-01-15 03:00:00,12.378,11.174,16.315,12.597,12.676,12.745
2021-01-15 04:00:00,14.859,11.35,9.949,13.36,43.132,10.719
2021-01-15 05:00:00,12.791,12.536,13.917,13.542,13.488,14.059
2021-01-15 06:00:00,13.087,12.81,12.372,14.516,13.194,13.279
2021-01-15 07:00:00,13.605,13.963,15.375,7.359,10.436,11.328
2021-01-15 08:00:00,10.389,10.406,14.862,15.688,13.978,8.893
2021-01-15 09:00:00,13.733,12.779,16.512,11.945,11.575,12.37
2021-01-15 10:00:00,12.645,14.365,14.321,9.949,7.525,11.552
2021-01-15 11:00:00,12.23,11.868,8.303,10.567,12.622,13.813
2021-01-15 12:00:00,12.065,12.971,13.008,9.793,20.013,11.235
2021-01-15 13:00:00,12.13,12.333,10.035,11.545,8.229,16.822
2021-01-15 14:00:00,13.82,11.015,13.835,13.465,11.814,8.848
2021-01-15 15:00:00,12.322,11.658,12.989,11.001,12.71,10.841
2021-01-15 16:00:00,11.13,14.955,12.298,13.401,13.068,17.003
2021-01-15 17:00:00,17.001,14.765,13.53,13.492,12.283,13.326
2021-01-15 18:00:00,15.164,15.734,8.889,9.476,11.877,9.957
2021-01-15 19:00:00,13.814,14.694,13.963,14.998,14.863,12.544
2021-01-15 20:00:00,11.106,10.092,7.158,12.416,10.294,14.824
2021-01-15 21:00:00,11.182,13.823,12.232,13.825,11.089,10.67
2021-01-15 22:00:00,12.566,13.997,12.858,9.999,11.287,9.583
2021-01-15 23:00:00,12.076,10.496,8.474,14.9,11.54,15.843
2021-01-16 00:00:00,15.558,13.266,14.868,11.307,12.584,15.843
2021-01-16 01:00:00,13.296,14.095,11.902,13.429,9.442,11.706
2021-01-16 02:00:00,13.056,10.323,10.82,11.379,9.485,10.553
2021-01-16 03:00:00,10.418,17.242,11.189,10.61,11.587,8.978
2021-01-16 04:00:00,11.926,6.066,12.249,12.051,13.874,17.564
2021-01-16 05:00:00,14.643,7.533,13.107,11.863,14.441,13.114
2021-01-16 06:00:00,11.629,11.049,14.489,9.864,13.409,11.134
2021-01-16 07:00:00,17.489,13.064,13.129,19.849,11.891,12.818
2021-01-16 08:00:00,10.243,15.355,14.369,12.052,16.409,15.436
2021-01-16 09:00:00,14.853,11.375,14.005,8.29,10.088,11.57
2021-01-16 10:00:00,12.339,9.477,10.985,11.181,11.939,13.985
2021-01-16 11:00:00,15.097,12.96,11.454,11.229,48.128,8.4
2021-01-16 12:00:00,11.682,14.691,11.005,12.069,13.546,7.175
2021-01-16 13:00:00,14.901,12.259,12.111,11.036,11.203,13.216
2021-01-16 14:00:00,10.82,9.254,12.56,14.378,11.662,11.107
2021-01-16 15:00:00,15.46,12.67,9.37,11.266,13.926,14.314
2021-01-16 16:00:00,13.17,11.031,12.923,13.903,13.555,14.254
2021-01-16 17:00:00,12.429,11.327,10.166,17.054,15.557,13.959
2021-01-16 18:00:00,16.74,8.737,14.991,14.315,10.026,12.152
2021-01-16 19:00:00,12.782,12.043,14.301,13.817,11.831,11.502
2021-01-16 20:00:00,13.154,12.271,15.4,11.858,16.129,8.978
2021-01-16 21:00:00,11.587,11.528,15.686,15.811,13.199,10.333
2021-01-16 22:00:00,14.531,9.941,11.655,8.329,13.169,14.942
2021-01-16 23:00:00,9.458,11.536,11.571,13.536,9.132,11.215
2021-01-17 00:00:00,10.814,10.273,11.357,9.485,12.653,13.241
2021-01-17 01:00:00,13.284,12.562,11.91,12.524,9.763,13.901
2021-01-17 02:00:00,11.114,10.98,12.164,13.607,9.659,10.543
2021-01-17 03:00:00,13.98,14.338,10.274,13.349,10.025,16.846
2021-01-17 04:00:00,9.883,11.718,10.797,15.799,12.809,9.693
2021-01-17 05:00:00,11.257,14.951,11.44,7.725,7.678,7.982
2021-01-17 06:00:00,8.706,10.448,10.722,10.611,13.324,11.986
2021-01-17 07:00:00,12.43,10.687,6.768,9.227,11.133,13.266
2021-01-17 08:00:00,10.455,16.084,14.942,12.952,13.761,11.345
2021-01-17 09:00:00,18.578,12.54,11.371,13.622,10.672,14.115
2021-01-17 10:00:00,14.149,7.78,13.111,9.536,11.145,17.187
2021-01-17 11:00:00,15.384,11.805,12.725,9.174,11.041,10.651
2021-01-17 12:00:00,14.647,12.344,17.76,14.201,9.653,10.136
2021-01-17 13:00:00,15.205,11.437,12.557,10.462,17.066,9.644
2021-01-17 14:00:00,12.715,10.985,17.672,10.562,13.482,12.529
2021-01-17 15:00:00,11.195,11.655,14.395,11.171,12.204,13.283
2021-01-17 16:00:00,11.506,13.954,12.145,13.063,14.041,10.798
2021-01-17 17:00:00,14.636,11.141,12.403,9.871,14.276,18.041
2021-01-17 18:00:00,9.963,9.407,10.093,9.865,11.296,9.518
2021-01-17 19:00:00,15.647,10.558,11.284,11.613,9.284,11.595
2021-01-17 20:00:00,14.396,9.791,10.227,12.088,12.761,12.65
2021-01-17 21:00:00,14.706,10.77,10.803,14.181,10.433,14.228
2021-01-17 22:00:00,13.15,17.192,12.604,12.881,13.568,15.021
2021-01-17 23:00:00,15.872,12.059,14.927,15.034,16.347,12.794
2021-01-18 00:00:00,11.985,11.91,14.098,15.59,12.945,12.83
2021-01-18 01:00:00,10.155,13.119,13.577,13.302,12.142,13.332
2021-01-18 02:00:00,19.445,14.916,11.408,19.571,8.394,14.266
2021-01-18 03:00:00,15.564,8.035,15.176,13.957,11.934,12.89
2021-01-18 04:00:00,12.75,11.797,13.174,10.956,13.263,16.468
2021-01-18 05:00:00,12.523,12.054,13.441,10.718,10.068,12.439
2021-01-18 06:00:00,12.917,14.656,10.257,10.52,14.455,10.863
2021-01-18 07:00:00,9.002,9.292,14.558,13.892,10.982,19.171
2021-01-18 08:00:00,12.617,12.515,19.95,10.345,13.964,14.299
2021-01-18 09:00:00,13.633,44.501,10.479,9.97,14.617,12.161
2021-01-18 10:00:00,16.28,12.195,14.528,11.308,11.572,15.343
2021-01-18 11:00:00,12.677,10.137,15.861,10.334,15.164,8.829
2021-01-18 12:00:00,13.463,10.806,9.581,11.766,10.984,8.766
2021-01-18 13:00:00,17.509,14.178,8.531,16.037,12.126,12.517
2021-01-18 14:00:00,15.809,12.22,10.14,12.566,14.234,12.411
2021-01-18 15:00:00,13.521,13.266,13.622,14.07,12.763,10.159
2021-01-18 16:00:00,13.53,13.164,11.927,9.44,12.119,14.717
2021-01-18 17:00:00,12.113,7.704,13.875,12.943,17.593,17.021
2021-01-18 18:00:00,12.465,17.401,12.474,10.917,10.459,11.057
2021-01-18 19:00:00,12.18,13.095,10.533,11.116,13.454,12.435
2021-01-18 20:00:00,13.462,13.114,10.363,12.019,11.566,14.104
2021-01-18 21:00:00,12.399,13.534,11.406,18.302,10.349,9.805
2021-01-18 22:00:00,6.657,14.233,10.323,13.038,11.626,11.843
2021-01-18 23:00:00,13.97,10.241,40.18,9.901,12.197,7.943
2021-01-19 00:00:00,9.234,10.625,11.53,15.277,11.031,11.462
2021-01-19 01:00:00,11.572,12.785,14.685,17.484,18.318,10.577
2021-01-19 02:00:00,13.781,8.182,13.996,12.093,13.273,9.009
2021-01-19 03:00:00,11.742,12.14,14.285,11.487,12.695,11.012
2021-01-19 04:00:00,11.638,10.719,11.842,12.917,13.947,14.237
2021-01-19 05:00:00,12.639,18.721,11.013,12.783,14.713,12.665
2021-01-19 06:00:00,12.025,9.886,12.894,29.417,13.866,13.565
2021-01-19 07:00:00,11.11,12.044,12.022,13.487,15.456,11.109
2021-01-19 08:00:00,10.722,17.689,9.983,11.69,12.461,15.867
2021-01-19 09:00:00,11.775,13.337,11.795,13.198,13.892,14.691
2021-01-19 10:00:00,12.15,19.444,13.035,13.116,14.467,10.384
2021-01-19 11:00:00,10.826,16.601,10.267,13.133,17.421,9.425
2021-01-19 12:00:00,13.446,16.369,10.679,8.175,24.845,11.595
2021-01-19 13:00:00,12.681,12.884,13.784,13.278,10.728,14.536
2021-01-19 14:00:00,11.411,11.969,9.452,10.912,13.367,10.741
2021-01-19 15:00:00,11.469,10.841,13.997,13.362,11.282,10.947
2021-01-19 16:00:00,13.253,11.267,13.389,11.471,14.914,13.088
2021-01-19 17:00:00,9.017,7.826,9.725,13.223,11.213,14.974
2021-01-19 18:00:00,11.75,11.527,12.984,9.708,10.472,13.308
2021-01-19 19:00:00,11.133,11.804,8.406,10.883,12.548,12.087
2021-01-19 20:00:00,12.315,14.591,12.435,12.524,9.985,8.695
2021-01-19 21:00:00,10.303,12.69,13.127,15.173,15.816,14.751
2021-01-19 22:00:00,12.388,12.652,14.439,11.365,13.32,12.75
2021-01-19 23:00:00,14.63,15.547,11.471,14.886,11.579,13.13
2021-01-20 00:00:00,10.92,15.833,10.593,13.683,10.929,12.557
2021-01-20 01:00:00,11.208,11.917,9.911,12.412,13.627,11.029
2021-01-20 02:00:00,9.171,12.186,11.341,10.766,8.097,17.512
2021-01-20 03:00:00,12.984,14.033,12.39,14.493,12.759,13.794
2021-01-20 04:00:00,15.545,12.214,8.474,12.622,8.479,11.032
2021-01-20 05:00:00,11.284,12.32,13.406,12.9,10.273,14.429
2021-01-20 06:00:00,11.616,10.728,10.154,9.885,12.683,12.495
2021-01-20 07:00:00,11.009,10.224,15.157,10.926,9.539,13.625
2021-01-20 08:00:00,12.515,10.769,8.753,10.903,9.984,11.591
2021-01-20 09:00:00,10.978,15.265,9.222,11.564,14.33,11.658
2021-01-20 10:00:00,8.717,9.977,14.205,10.999,11.375,7.36
2021-01-20 11:00:00,12.681,13.359,10.977,10.104,10.493,19.37
2021-01-20 12:00:00,10.176,15.597,11.727,12.332,11.397,12.839
2021-01-20 13:00:00,12.841,15.569,16.974,9.084,13.52,15.869
2021-01-20 14:00:00,13.606,13.061,11.927,16.175,12.138,8.003
2021-01-20 15:00:00,10.315,12.168,8.851,39.129,10.759,10.009
2021-01-20 16:00:00,11.732,14.04,13.742,6.702,15.189,9.789
2021-01-20 17:00:00,10.397,12.507,10.605,15.739,15.645,11.985
2021-01-20 18:00:00,9.801,12.563,9.205,10.013,15.595,13.393
2021-01-20 19:00:00,13.403,16.424,10.45,12.074,7.622,17.0
2021-01-20 20:00:00,11.153,12.465,13.217,11.342,14.109,10.46
2021-01-20 21:00:00,13.942,15.99,12.934,10.868,10.786,33.313
2021-01-20 22:00:00,16.051,11.775,11.707,14.221,12.409,9.712
2021-01-20 23:00:00,12.202,11.705,9.504,12.128,12.072,13.055
2021-01-21 00:00:00,9.824,10.225,10.922,11.995,13.804,13.346
2021-01-21 01:00:00,15.318,9.223,10.208,9.083,15.134,14.614
2021-01-21 02:00:00,11.845,15.732,14.384,11.352,18.76,13.559
2021-01-21 03:00:00,6.359,11.553,12.079,12.718,12.175,12.893
2021-01-21 04:00:00,12.696,14.44,12.649,11.89,14.204,13.242
2021-01-21 05:00:00,18.077,15.206,13.132,13.569,11.593,13.095
2021-01-21 06:00:00,12.651,10.202,11.883,9.578,13.305,13.089
2021-01-21 07:00:00,8.751,13.725,12.511,14.91,12.525,10.788
2021-01-21 08:00:00,13.424,12.204,14.69,13.859,11.009,9.621
2021-01-21 09:00:00,9.783,8.54,11.442,14.014,12.264,12.322
2021-01-21 10:00:00,12.257,31.962,11.989,14.393,12.537,13.358
2021-01-21 11:00:00,10.506,10.564,12.363,13.22,13.855,14.304
2021-01-21 12:00:00,12.428,12.337,10.961,10.9,10.237,15.051
2021-01-21 13:00:00,13.62,11.379,14.157,14.68,17.116,11.459
2021-01-21 14:00:00,13.26,9.387,10.489,15.187,10.796,10.105
2021-01-21 15:00:00,10.028,13.931,11.744,9.355,14.745,8.503
2021-01-21 16:00:00,11.754,13.316,13.441,16.735,11.441,15.694
2021-01-21 17:00:00,13.749,10.104,10.165,12.361,10.46,8.992
2021-01-21 18:00:00,11.012,11.04,11.257,10.895,10.862,13.481
2021-01-21 19:00:00,11.752,10.024,10.178,11.17,15.086,12.798
2021-01-21 20:00:00,10.744,11.893,12.878,14.626,13.431,11.536
2021-01-21 21:00:00,10.221,12.809,12.461,9.634,13.17,9.087
2021-01-21 22:00:00,13.733,11.82,12.972,10.114,8.545,11.031
2021-01-21 23:00:00,15.477,9.189,12.137,15.476,14.033,12.323
2021-01-22 00:00:00,12.518,10.848,10.761,14.067,11.262,11.36
2021-01-22 01:00:00,13.122,9.975,13.014,11.575,13.587,8.92
2021-01-22 02:00:00,13.933,15.339,13.429,10.61,13.467,15.125
2021-01-22 03:00:00,10.936,11.672,9.314,13.444,11.571,12.472
2021-01-22 04:00:00,11.759,13.271,13.166,13.205,9.66,13.229
2021-01-22 05:00:00,14.402,13.792,13.624,11.481,16.471,12.97
2021-01-22 06:00:00,16.649,13.339,10.432,14.372,16.928,13.321
2021-01-22 07:00:00,16.112,13.68,12.49,12.84,12.439,12.777
2021-01-22 08:00:00,11.588,13.255,13.11,12.566,13.376,13.527
2021-01-22 09:00:00,14.312,15.712,10.221,11.588,12.272,10.734
2021-01-22 10:00:00,13.687,9.719,10.523,13.283,12.027,14.239
2021-01-22 11:00:00,16.427,11.881,15.5,12.384,10.372,11.958
2021-01-22 12:00:00,8.737,9.714,9.679,14.015,11.281,9.596
2021-01-22 13:00:00,12.852,11.01,11.565,12.464,11.599,10.708
2021-01-22 14:00:00,7.993,11.32,13.385,15.327,11.243,9.14
2021-01-22 15:00:00,14.229,13.032,11.438,11.547,10.2,14.341
2021-01-22 16:00:00,11.112,9.478,11.662,14.06,10.111,14.913
2021-01-22 17:00:00,17.984,12.346,16.67,14.31,10.617,13.138
2021-01-22 18:00:00,11.475,13.078,10.149,10.088,13.212,10.716
2021-01-22 19:00:00,9.456,10.622,13.533,14.449,11.455,7.265
2021-01-22 20:00:00,11.364,14.481,12.548,12.97,15.104,7.323
2021-01-22 21:00:00,11.806,10.074,13.226,12.307,11.596,11.819
2021-01-22 22:00:00,16.673,11.393,10.796,11.794,11.74,12.256
2021-01-22 23:00:00,11.046,15.829,11.878,8.939,9.631,11.622
2021-01-23 00:00:00,11.914,9.68,10.785,10.772,13.753,13.493
2021-01-23 01:00:00,14.909,11.335,11.453,14.694,15.449,9.293
2021-01-23 02:00:00,12.93,10.982,39.411,13.47,14.155,14.66
2021-01-23 03:00:00,12.752,13.004,11.386,12.905,15.165,10.723
2021-01-23 04:00:00,13.528,9.432,9.83,12.439,15.063,9.615
2021-01-23 05:00:00,10.351,11.883,9.162,15.279,11.77,14.719
2021-01-23 06:00:00,15.208,13.193,11.65,12.188,8.814,13.057
2021-01-23 07:00:00,10.699,7.458,12.634,13.968,11.777,13.44
2021-01-23 08:00:00,14.67,15.092,11.552,13.135,12.767,8.826
2021-01-23 09:00:00,15.105,14.387,12.303,12.836,14.498,11.339
2021-01-23 10:00:00,9.009,12.894,9.764,15.999,11.933,10.059
2021-01-23 11:00:00,14.565,16.73,14.017,12.945,7.117,12.249
2021-01-23 12:00:00,16.987,11.863,15.226,14.326,9.019,12.306
2021-01-23 13:00:00,9.126,12.141,16.553,15.179,8.491,40.883
2021-01-23 14:00:00,13.92,9.515,15.242,12.51,11.522,14.268
2021-01-23 15:00:00,9.298,14.106,9.953,12.559,12.702,14.115
2021-01-23 16:00:00,12.61,11.191,14.947,7.481,12.961,14.431
2021-01-23 17:00:00,15.003,10.508,16.241,8.393,18.592,11.345
2021-01-23 18:00:00,15.716,9.773,12.137,15.393,14.937,12.42
2021-01-23 19:00:00,13.662,11.629,11.416,11.61,12.463,11.07
2021-01-23 20:00:00,15.002,9.242,15.047,12.328,16.096,10.265
2021-01-23 21:00:00,11.191,10.85,13.673,10.374,41.044,10.731
2021-01-23 22:00:00,9.202,16.657,11.418,13.573,13.065,16.826
2021-01-23 23:00:00,11.289,12.373,7.023,12.205,13.802,15.745
2021-01-24 00:00:00,12.73,13.798,15.711,13.398,12.074,10.827
2021-01-24 01:00:00,14.607,12.052,6.805,13.349,13.996,15.928
2021-01-24 02:00:00,15.44,11.787,12.851,13.311,11.289,8.944
2021-01-24 03:00:00,11.233,8.98,12.903,11.596,11.362,12.06
2021-01-24 04:00:00,11.437,13.571,10.106,12.876,8.426,9.783
2021-01-24 05:00:00,10.141,13.41,14.64,10.368,7.524,14.315
2021-01-24 06:00:00,10.321,14.732,9.728,15.613,10.323,11.982
2021-01-24 07:00:00,12.363,10.34,11.809,12.716,14.506,10.872
2021-01-24 08:00:00,12.73,15.297,14.098,10.106,11.719,14.804
2021-01-24 09:00:00,15.562,12.636,12.166,12.08,15.897,12.326
2021-01-24 10:00:00,13.874,9.491,10.112,13.279,13.796,13.928
2021-01-24 11:00:00,11.643,12.664,13.362,13.342,12.596,11.623
2021-01-24 12:00:00,12.815,12.363,15.222,9.876,10.895,8.321
2021-01-24 13:00:00,14.819,17.872,13.006,10.612,14.938,14.202
2021-01-24 14:00:00,15.158,10.751,15.493,14.328,14.364,13.148
2021-01-24 15:00:00,11.761,12.421,12.955,11.178,12.031,11.689
2021-01-24 16:00:00,13.835,10.937,11.055,13.542,13.711,13.62
2021-01-24 17:00:00,44.106,15.61,11.218,10.592,9.998,10.121
2021-01-24 18:00:00,9.916,16.308,12.757,13.252,11.8,10.768
2021-01-24 19:00:00,15.36,13.416,11.746,8.548,11.043,11.607
2021-01-24 20:00:00,11.873,10.153,9.497,10.783,12.342,13.442
2021-01-24 21:00:00,10.005,12.7,10.5,29.512,11.56,10.11
2021-01-24 22:00:00,16.508,15.081,12.478,13.034,15.898,13.58
2021-01-24 23:00:00,8.881,12.665,8.466,9.387,14.869,11.389
2021-01-25 00:00:00,44.21,12.801,9.673,10.945,8.515,11.206
2021-01-25 01:00:00,12.462,16.524,11.552,9.626,8.542,13.431
2021-01-25 02:00:00,13.882,14.705,12.927,13.698,14.419,12.728
2021-01-25 03:00:00,11.826,14.811,11.897,11.638,12.187,13.456
2021-01-25 04:00:00,15.237,10.598,13.911,14.348,11.793,12.664
2021-01-25 05:00:00,8.76,10.665,13.15,18.696,13.909,9.683
2021-01-25 06:00:00,9.943,12.74,12.358,8.251,13.459,13.411
2021-01-25 07:00:00,14.689,14.916,10.036,7.78,8.43,12.496
2021-01-25 08:00:00,9.664,12.677,15.462,14.756,12.433,11.154
2021-01-25 09:00:00,14.682,11.799,11.905,15.55,17.117,11.455
2021-01-25 10:00:00,14.991,11.822,10.868,8.357,9.805,15.782
2021-01-25 11:00:00,12.989,12.26,11.215,12.562,13.267,14.625
2021-01-25 12:00:00,13.733,12.308,13.49,13.573,13.454,13.884
2021-01-25 13:00:00,13.112,15.479,8.924,8.653,13.631,15.605
2021-01-25 14:00:00,16.014,12.49,11.278,13.641,16.575,9.788
2021-01-25 15:00:00,17.353,9.039,15.556,15.423,10.282,8.326
2021-01-25 16:00:00,11.516,9.056,17.001,9.276,10.642,10.484
2021-01-25 17:00:00,12.841,10.702,13.26,12.164,13.284,10.862
2021-01-25 18:00:00,13.02,13.594,13.177,14.394,11.671,13.664
2021-01-25 19:00:00,14.035,12.389,14.844,13.275,13.298,12.581
2021-01-25 20:00:00,13.353,15.067,7.853,13.862,11.662,14.639
2021-01-25 21:00:00,9.241,9.699,14.463,11.001,12.735,16.364
2021-01-25 22:00:00,12.324,8.112,12.827,12.491,18.14,8.976
2021-01-25 23:00:00,8.265,11.541,13.804,11.683,12.175,9.749
2021-01-26 00:00:00,20.074,9.756,9.358,13.224,13.831,14.371
2021-01-26 01:00:00,12.796,13.047,9.945,9.894,12.698,13.295
2021-01-26 02:00:00,16.506,13.597,12.638,12.071,9.535,9.913
2021-01-26 03:00:00,15.86,8.536,13.517,12.15,14.685,15.118
2021-01-26 04:00:00,35.3,15.112,17.353,9.911,14.244,10.182
2021-01-26 05:00:00,8.149,14.879,12.435,15.849,13.458,11.16
2021-01-26 06:00:00,26.716,11.288,13.715,9.306,10.6,10.977
2021-01-26 07:00:00,13.898,13.411,12.798,14.149,12.159,10.135
2021-01-26 08:00:00,9.391,13.636,12.761,10.871,13.228,8.684
2021-01-26 09:00:00,11.892,13.801,13.19,13.587,7.653,12.6
2021-01-26 10:00:00,11.359,11.379,12.014,15.249,15.467,8.721
2021-01-26 11:00:00,11.486,11.174,9.28,13.336,8.676,9.888
2021-01-26 12:00:00,12.326,15.38,13.431,11.477,8.7,9.673
2021-01-26 13:00:00,12.607,16.285,11.304,11.102,12.357,8.596
2021-01-26 14:00:00,13.911,13.468,12.748,11.741,12.668,12.825
2021-01-26 15:00:00,10.146,15.647,9.139,17.084,15.704,32.985
2021-01-26 16:00:00,15.08,10.895,13.785,10.092,12.007,12.699
2021-01-26 17:00:00,11.493,11.827,9.686,8.53,16.378,10.001
2021-01-26 18:00:00,13.539,12.339,14.615,9.75,15.253,15.871
2021-01-26 19:00:00,12.094,10.831,12.067,11.658,13.285,8.633
2021-01-26 20:00:00,11.385,13.42,10.356,15.443,11.493,10.612
2021-01-26 21:00:00,14.014,12.922,14.079,11.12,15.315,10.67
2021-01-26 22:00:00,14.498,13.839,16.846,10.667,12.226,13.938
2021-01-26 23:00:00,11.293,12.131,13.361,13.093,10.806,14.242
2021-01-27 00:00:00,10.118,12.664,12.205,14.185,14.994,12.362
2021-01-27 01:00:00,9.483,10.056,16.221,9.712,16.065,12.673
2021-01-27 02:00:00,12.708,13.618,17.01,11.666,10.71,10.368
2021-01-27 03:00:00,10.958,12.341,12.758,15.308,11.733,12.582
2021-01-27 04:00:00,12.401,14.762,12.405,11.98,13.894,10.405
2021-01-27 05:00:00,14.914,12.327,12.48,11.543,13.704,13.836
2021-01-27 06:00:00,7.96,11.664,11.774,12.287,9.87,10.874
2021-01-27 07:00:00,8.861,16.696,12.438,12.915,17.979,13.147
2021-01-27 08:00:00,14.583,11.697,8.312,16.554,12.339,16.235
2021-01-27 09:00:00,13.147,10.62,11.009,12.355,13.173,15.249
2021-01-27 10:00:00,10.117,11.815,10.9,10.682,16.285,14.248
2021-01-27 11:00:00,11.025,12.396,40.665,10.57,13.389,11.607
2021-01-27 12:00:00,11.096,11.054,10.778,14.129,15.598,14.92
2021-01-27 13:00:00,13.121,13.675,12.0,8.744,16.241,15.644
2021-01-27 14:00:00,10.442,11.566,10.291,13.463,7.649,44.761
2021-01-27 15:00:00,9.794,13.518,12.839,14.504,10.679,16.229
2021-01-27 16:00:00,11.056,12.259,10.193,12.881,12.615,12.769
2021-01-27 17:00:00,7.625,12.063,16.343,9.68,10.678,12.446
2021-01-27 18:00:00,11.245,15.587,12.981,11.242,12.899,6.702
2021-01-27 19:00:00,9.213,8.064,10.178,12.736,13.55,11.016
2021-01-27 20:00:00,9.079,12.52,13.599,17.419,13.507,11.761
2021-01-27 21:00:00,10.569,12.153,8.039,11.643,18.774,12.843
2021-01-27 22:00:00,12.706,12.703,11.127,12.06,12.582,11.139
2021-01-27 23:00:00,15.439,10.366,13.697,12.951,8.777,12.902
2021-01-28 00:00:00,10.939,11.352,16.42,12.809,8.911,14.227
2021-01-28 01:00:00,13.825,12.983,8.953,12.197,11.381,16.17
2021-01-28 02:00:00,12.174,10.967,11.067,11.612,11.249,8.87
2021-01-28 03:00:00,8.908,13.994,10.805,14.299,15.999,19.467
2021-01-28 04:00:00,15.007,7.58,11.105,16.148,9.017,13.416
2021-01-28 05:00:00,11.98,13.729,11.22,12.3,13.678,14.071
2021-01-28 06:00:00,11.965,12.893,11.656,13.98,12.189,10.826
2021-01-28 07:00:00,11.409,12.992,11.993,6.594,14.597,9.886
2021-01-28 08:00:00,12.367,15.399,12.079,12.231,11.74,12.615
2021-01-28 09:00:00,11.41,11.636,9.643,10.728,16.399,12.879
2021-01-28 10:00:00,11.864,7.138,14.922,10.682,14.944,13.792
2021-01-28 11:00:00,13.972,10.035,9.834,8.419,12.792,11.866
2021-01-28 12:00:00,13.105,9.496,15.2,13.875,12.849,11.035
2021-01-28 13:00:00,17.549,10.403,14.594,8.549,10.343,11.699
2021-01-28 14:00:00,16.553,11.746,11.415,13.217,8.518,12.33
2021-01-28 15:00:00,17.012,11.745,13.55,11.71,14.136,17.307
2021-01-28 16:00:00,12.845,14.594,13.318,18.279,12.114,10.302
2021-01-28 17:00:00,9.751,12.729,16.299,11.557,13.19,10.783
2021-01-28 18:00:00,12.218,12.499,11.035,9.822,14.417,12.37
2021-01-28 19:00:00,9.188,14.778,12.635,9.247,13.616,10.64
2021-01-28 20:00:00,15.426,14.145,12.808,10.648,9.694,13.157
2021-01-28 21:00:00,11.868,14.666,11.543,12.856,13.2,14.832
2021-01-28 22:00:00,13.121,15.544,12.504,11.257,12.307,8.688
2021-01-28 23:00:00,15.004,9.969,14.613,11.46,14.411,9.723
2021-01-29 00:00:00,14.051,16.045,10.861,13.169,14.0,12.755
2021-01-29 01:00:00,9.265,9.029,13.725,12.521,13.619,15.682
2021-01-29 02:00:00,13.392,12.932,15.298,10.865,13.307,12.954
2021-01-29 03:00:00,9.298,17.118,12.481,14.078,9.646,10.07
2021-01-29 04:00:00,11.836,12.48,13.378,11.343,18.12,13.31
2021-01-29 05:00:00,10.312,10.298,11.612,14.823,14.465,12.472
2021-01-29 06:00:00,10.821,10.413,14.417,14.756,14.171,12.126
2021-01-29 07:00:00,11.564,13.84,9.598,14.198,10.202,10.132
2021-01-29 08:00:00,14.424,9.246,13.911,7.551,9.337,13.791
2021-01-29 09:00:00,10.811,8.817,10.188,10.224,15.287,12.38
2021-01-29 10:00:00,13.217,14.935,8.635,7.557,16.235,13.698
2021-01-29 11:00:00,12.452,12.901,11.002,13.67,13.795,10.179
2021-01-29 12:00:00,13.204,11.78,13.184,16.884,12.817,13.635
2021-01-29 13:00:00,13.075,16.339,12.899,10.346,8.875,12.375
2021-01-29 14:00:00,13.169,11.913,14.863,9.487,13.707,16.936
2021-01-29 15:00:00,10.07,13.052,8.775,12.325,9.998,12.867
2021-01-29 16:00:00,9.29,12.599,10.4,8.703,13.815,13.118
2021-01-29 17:00:00,14.789,11.996,9.146,12.546,12.297,11.012
2021-01-29 18:00:00,13.308,11.132,9.664,13.531,13.38,13.403
2021-01-29 19:00:00,11.11,6.483,11.634,13.836,8.107,10.042
2021-01-29 20:00:00,13.133,10.953,8.857,12.938,12.962,13.661
2021-01-29 21:00:00,16.465,17.02,13.859,16.317,9.399,10.448
2021-01-29 22:00:00,10.26,11.743,10.296,9.675,14.048,13.04
2021-01-29 23:00:00,13.166,9.094,10.207,15.584,12.702,7.915
2021-01-30 00:00:00,9.071,9.062,10.683,9.643,6.566,12.023
2021-01-30 01:00:00,13.946,16.458,6.907,8.371,12.102,14.872
2021-01-30 02:00:00,11.606,12.909,11.437,15.211,8.7,10.6
2021-01-30 03:00:00,12.478,10.897,15.089,13.615,11.193,29.768
2021-01-30 04:00:00,7.491,10.057,12.618,14.658,12.745,13.599
2021-01-30 05:00:00,10.739,13.423,13.418,16.016,14.329,9.802
2021-01-30 06:00:00,13.165,13.428,13.95,14.798,10.823,16.048
2021-01-30 07:00:00,13.171,13.171,15.544,13.433,9.345,13.053
2021-01-30 08:00:00,9.643,12.85,14.895,15.001,10.27,12.594
2021-01-30 09:00:00,11.776,10.688,12.719,12.953,9.432,13.652
2021-01-30 10:00:00,14.941,11.536,17.589,9.014,12.757,13.996
2021-01-30 11:00:00,10.99,9.985,8.362,9.01,12.6,14.37
2021-01-30 12:00:00,10.401,14.013,10.934,8.332,11.921,15.125
2021-01-30 13:00:00,16.863,10.967,12.074,12.575,9.407,13.552
2021-01-30 14:00:00,10.622,13.632,8.504,16.316,12.131,10.372
2021-01-30 15:00:00,10.474,9.59,12.937,12.082,10.841,13.207
2021-01-30 16:00:00,9.789,14.135,13.975,11.762,17.37,13.254
2021-01-30 17:00:00,12.513,10.663,17.232,8.597,13.049,9.42
2021-01-30 18:00:00,13.904,8.707,9.739,10.341,11.756,13.741
2021-01-30 19:00:00,7.6,9.685,7.554,10.024,13.304,14.257
2021-01-30 20:00:00,14.25,15.532,12.855,12.97,8.886,10.031
2021-01-30 21:00:00,13.363,10.122,15.938,10.629,11.868,10.211
2021-01-30 22:00:00,11.679,11.011,11.88,12.105,17.063,8.377
2021-01-30 23:00:00,10.704,12.591,13.332,12.533,13.754,13.447
2021-01-31 00:00:00,16.952,13.344,13.509,11.908,11.263,14.458
2021-01-31 01:00:00,9.923,9.446,9.842,10.164,13.538,13.561
2021-01-31 02:00:00,10.122,12.646,7.931,13.377,17.115,15.111
2021-01-31 03:00:00,11.379,16.174,11.4,12.243,18.77,12.327
2021-01-31 04:00:00,11.647,11.961,15.408,12.512,12.499,12.661
2021-01-31 05:00:00,12.327,9.556,10.996,14.231,11.299,10.715
2021-01-31 06:00:00,14.391,13.397,13.668,13.11,18.075,8.396
2021-01-31 07:00:00,13.322,9.254,11.075,13.759,14.01,14.307
2021-01-31 08:00:00,14.473,9.912,9.262,12.048,12.515,12.634
2021-01-31 09:00:00,12.283,11.136,12.258,16.286,14.651,14.049
2021-01-31 10:00:00,11.313,18.462,10.122,13.239,14.37,12.461
2021-01-31 11:00:00,10.816,14.742,13.016,12.648,10.33,8.733
2021-01-31 12:00:00,10.669,11.501,10.313,13.76,8.536,12.878
2021-01-31 13:00:00,13.225,15.647,12.067,16.763,10.662,12.615
2021-01-31 14:00:00,15.031,10.673,14.775,10.859,9.728,10.359
2021-01-31 15:00:00,12.836,9.536,9.621,11.333,11.816,12.226
2021-01-31 16:00:00,13.441,9.483,7.523,12.46,11.048,13.283
2021-01-31 17:00:00,12.166,10.142,14.03,9.945,10.551,9.751
2021-01-31 18:00:00,14.06,11.968,11.965,8.595,9.818,11.379
2021-01-31 19:00:00,13.517,11.827,9.033,12.517,14.114,11.947
2021-01-31 20:00:00,9.845,38.174,16.221,11.224,13.845,8.666
2021-01-31 21:00:00,7.747,13.76,10.886,9.778,10.431,7.383
2021-01-31 22:00:00,15.645,14.998,11.204,14.568,18.713,14.712
2021-01-31 23:00:00,11.765,11.877,10.863,17.934,14.083,12.128
2021-02-01 00:00:00,11.4,9.729,14.485,11.981,11.209,10.27
2021-02-01 01:00:00,10.495,31.437,8.922,12.213,7.337,12.009
2021-02-01 02:00:00,11.105,14.689,10.245,11.324,9.157,10.22
2021-02-01 03:00:00,11.211,10.179,9.662,10.731,12.906,14.926
2021-02-01 04:00:00,14.671,13.884,12.726,12.408,15.048,8.952
2021-02-01 05:00:00,15.789,16.646,11.514,12.032,14.902,12.655
2021-02-01 06:00:00,11.661,14.405,9.457,9.821,10.76,10.012
2021-02-01 07:00:00,12.333,13.215,12.769,9.119,12.376,13.656
2021-02-01 08:00:00,9.293,11.494,13.101,14.511,14.559,10.497
2021-02-01 09:00:00,15.416,13.056,35.432,14.677,14.704,12.236
2021-02-01 10:00:00,14.862,9.963,15.445,11.653,12.915,11.117
2021-02-01 11:00:00,10.904,11.014,12.742,14.904,10.852,12.345
2021-02-01 12:00:00,11.513,13.544,12.151,8.081,9.356,15.381
2021-02-01 13:00:00,12.716,14.572,12.683,11.612,12.183,12.824
2021-02-01 14:00:00,14.884,10.48,14.567,11.449,14.369,8.737
2021-02-01 15:00:00,7.257,13.762,9.532,15.348,8.551,12.809
2021-02-01 16:00:00,15.616,11.604,14.171,14.365,12.68,11.316
2021-02-01 17:00:00,10.574,14.203,9.602,13.751,16.992,13.292
2021-02-01 18:00:00,10.692,17.074,10.343,9.973,12.113,10.143
2021-02-01 19:00:00,13.048,9.146,9.527,13.939,14.71,13.239
2021-02-01 20:00:00,14.293,14.336,13.447,11.841,14.449,10.711
2021-02-01 21:00:00,13.765,11.441,12.512,14.208,11.952,8.405
2021-02-01 22:00:00,11.274,9.022,10.249,15.263,17.777,14.897
2021-02-01 23:00:00,11.002,13.95,12.413,15.863,12.116,9.658
2021-02-02 00:00:00,10.033,14.976,13.879,8.129,12.249,9.891
2021-02-02 01:00:00,12.631,10.469,10.18,12.884,10.628,12.302
2021-02-02 02:00:00,14.994,10.891,8.874,13.365,11.067,12.213
2021-02-02 03:00:00,10.928,11.314,11.013,10.168,13.797,9.632
2021-02-02 04:00:00,10.009,14.0,14.992,13.464,12.292,12.196
2021-02-02 05:00:00,17.611,10.669,11.804,9.569,15.982,12.685
2021-02-02 06:00:00,10.845,8.845,14.205,10.848,12.273,8.799
2021-02-02 07:00:00,12.528,15.686,9.892,13.998,10.836,11.984
2021-02-02 08:00:00,8.769,11.87,7.885,16.343,15.154,10.535
2021-02-02 09:00:00,11.616,11.001,7.991,10.661,8.765,11.541
2021-02-02 10:00:00,13.873,13.291,13.514,12.929,14.591,14.341
2021-02-02 11:00:00,34.617,13.977,17.394,12.093,14.34,13.645
2021-02-02 12:00:00,13.566,13.419,12.418,11.0,11.554,10.843
2021-02-02 13:00:00,10.888,8.922,12.584,15.732,13.935,11.974
2021-02-02 14:00:00,16.553,12.439,18.621,12.85,40.672,12.452
2021-02-02 15:00:00,11.699,13.515,16.515,12.413,15.878,13.762
2021-02-02 16:00:00,15.341,12.97,10.006,17.056,11.569,12.941
2021-02-02 17:00:00,10.156,13.607,10.534,16.212,12.371,12.635
2021-02-02 18:00:00,13.685,13.653,12.235,11.197,13.485,13.823
2021-02-02 19:00:00,13.122,11.789,13.14,9.945,10.982,12.873
2021-02-02 20:00:00,11.602,8.754,12.902,9.006,10.335,11.194
2021-02-02 21:00:00,11.484,15.199,15.742,10.884,14.314,13.8
2021-02-02 22:00:00,11.139,11.531,12.575,10.842,12.831,11.613
2021-02-02 23:00:00,11.301,10.775,12.558,18.358,9.824,13.072
2021-02-03 00:00:00,13.512,13.141,15.272,14.118,13.764,12.297
2021-02-03 01:00:00,9.72,7.738,13.895,10.829,10.336,10.714
2021-02-03 02:00:00,11.154,10.836,13.741,9.723,16.328,15.334
2021-02-03 03:00:00,12.322,15.437,12.916,10.674,13.767,14.45
2021-02-03 04:00:00,7.797,13.112,12.149,14.181,11.817,9.979
2021-02-03 05:00:00,11.132,12.753,12.056,11.114,11.762,13.75
2021-02-03 06:00:00,16.514,13.78,11.947,10.427,13.093,14.934
2021-02-03 07:00:00,11.121,8.054,15.125,10.273,12.259,12.813
2021-02-03 08:00:00,14.173,7.894,8.774,12.432,10.617,13.061
2021-02-03 09:00:00,12.094,10.208,7.593,11.758,8.852,15.015
2021-02-03 10:00:00,11.4,11.469,9.936,10.729,10.963,13.99
2021-02-03 11:00:00,10.288,13.129,13.112,14.091,10.041,10.942
2021-02-03 12:00:00,12.284,14.322,13.395,13.185,13.261,14.118
2021-02-03 13:00:00,11.319,12.766,48.771,13.825,14.041,11.223
2021-02-03 14:00:00,15.11,11.476,14.367,13.019,10.936,14.09
2021-02-03 15:00:00,9.994,7.956,11.888,11.219,18.252,16.286
2021-02-03 16:00:00,13.272,11.207,6.505,14.788,12.306,10.011
2021-02-03 17:00:00,12.991,15.098,12.75,14.818,12.189,15.575
2021-02-03 18:00:00,11.215,13.157,12.144,9.108,12.882,13.901
2021-02-03 19:00:00,12.924,13.342,12.405,15.758,15.368,9.418
2021-02-03 20:00:00,11.206,14.703,9.767,15.896,9.598,12.895
2021-02-03 21:00:00,10.465,13.608,11.48,11.848,12.969,11.029
2021-02-03 22:00:00,12.494,12.226,17.145,13.81,9.966,7.993
2021-02-03 23:00:00,12.836,13.364,15.048,13.3,12.011,19.237
2021-02-04 00:00:00,10.682,10.137,16.52,9.181,9.82,15.259
2021-02-04 01:00:00,14.962,13.001,13.031,12.235,9.411,10.188
2021-02-04 02:00:00,13.79,10.23,11.268,9.723,10.681,14.651
2021-02-04 03:00:00,9.114,10.903,17.342,14.471,16.182,10.522
2021-02-04 04:00:00,10.838,9.226,12.384,12.472,13.901,13.495
2021-02-04 05:00:00,11.413,16.21,12.372,9.939,14.438,12.44
2021-02-04 06:00:00,13.139,15.224,13.161,10.14,16.672,13.751
2021-02-04 07:00:00,12.148,15.405,11.128,11.734,13.879,12.749
2021-02-04 08:00:00,10.216,14.01,12.591,10.639,18.101,14.547
2021-02-04 09:00:00,10.419,8.942,14.028,15.51,13.808,10.94
2021-02-04 10:00:00,15.334,12.573,14.243,12.364,13.465,12.443
2021-02-04 11:00:00,11.625,13.648,14.939,9.252,12.888,9.434
2021-02-04 12:00:00,14.002,12.161,11.136,10.255,5.558,12.024
2021-02-04 13:00:00,12.775,12.943,10.574,13.948,12.999,11.199
2021-02-04 14:00:00,16.13,11.646,10.123,16.356,14.535,12.776
2021-02-04 15:00:00,10.504,8.526,13.702,9.046,11.078,14.865
2021-02-04 16:00:00,14.477,12.78,14.807,10.49,10.376,12.044
2021-02-04 17:00:00,11.54,11.631,7.333,13.456,14.33,11.754
2021-02-04 18:00:00,12.633,10.348,11.715,10.213,11.648,13.115
2021-02-04 19:00:00,8.438,15.205,7.377,9.762,10.57,15.678
2021-02-04 20:00:00,15.014,10.475,15.202,16.011,10.832,14.173
2021-02-04 21:00:00,7.974,8.835,12.942,14.676,11.873,12.459
2021-02-04 22:00:00,11.818,11.989,14.319,11.181,10.668,11.295
2021-02-04 23:00:00,18.364,8.874,11.12,9.3,9.055,12.596
2021-02-05 00:00:00,10.349,12.769,9.921,13.963,12.669,14.929
2021-02-05 01:00:00,14.0,11.475,14.677,10.574,12.111,11.476
2021-02-05 02:00:00,15.15,13.028,13.734,15.754,10.315,14.968
2021-02-05 03:00:00,14.303,13.392,12.813,13.736,11.008,11.306
2021-02-05 04:00:00,13.055,20.924,14.241,8.359,7.332,10.876
2021-02-05 05:00:00,12.829,13.238,13.219,12.595,12.439,12.642
2021-02-05 06:00:00,14.207,13.972,14.806,11.031,13.522,13.873
2021-02-05 07:00:00,14.308,10.561,17.178,10.809,12.358,15.87
2021-02-05 08:00:00,15.318,12.722,10.253,13.547,10.754,11.732
2021-02-05 09:00:00,8.466,14.94,11.856,11.579,12.807,11.006
2021-02-05 10:00:00,14.478,12.826,10.011,12.842,13.03,14.612
2021-02-05 11:00:00,10.351,11.671,11.948,9.713,11.75,9.809
2021-02-05 12:00:00,15.001,8.085,15.459,11.583,16.211,13.439
2021-02-05 13:00:00,12.674,12.177,15.059,15.528,13.552,11.298
2021-02-05 14:00:00,13.274,11.695,14.485,13.571,13.514,13.361
2021-02-05 15:00:00,14.133,10.551,11.792,15.042,12.899,14.108
2021-02-05 16:00:00,10.529,13.124,12.436,9.964,13.387,11.569
2021-02-05 17:00:00,14.57,13.165,11.343,14.057,14.37,12.018
2021-02-05 18:00:00,14.669,14.368,10.516,13.541,14.322,11.086
2021-02-05 19:00:00,15.269,9.757,10.561,14.133,11.393,11.035
2021-02-05 20:00:00,13.076,13.212,8.977,11.828,13.157,10.952
2021-02-05 21:00:00,15.456,9.951,11.609,12.372,15.875,11.96
2021-02-05 22:00:00,13.593,13.882,12.75,11.495,10.181,12.944
2021-02-05 23:00:00,15.779,12.922,11.813,13.219,13.372,9.014
2021-02-06 00:00:00,10.476,12.074,13.703,8.889,16.203,10.401
2021-02-06 01:00:00,12.966,14.69,12.165,11.324,11.166,12.614
2021-02-06 02:00:00,12.355,12.607,11.658,10.468,11.304,13.577
2021-02-06 03:00:00,11.342,10.73,12.182,7.573,14.235,10.859
2021-02-06 04:00:00,13.784,15.098,15.058,10.909,11.128,12.719
2021-02-06 05:00:00,13.571,13.609,13.286,14.764,14.165,11.083
2021-02-06 06:00:00,9.312,15.571,14.157,14.367,9.44,16.561
2021-02-06 07:00:00,16.802,13.816,12.015,14.289,13.387,12.238
2021-02-06 08:00:00,13.194,11.19,12.454,13.244,10.882,12.73
2021-02-06 09:00:00,12.388,11.288,13.213,17.585,11.024,12.288
2021-02-06 10:00:00,16.884,10.806,12.932,15.618,15.574,14.428
2021-02-06 11:00:00,13.722,12.867,9.038,12.339,12.552,11.112
2021-02-06 12:00:00,13.922,13.047,14.241,12.646,12.48,12.75
2021-02-06 13:00:00,9.425,15.131,18.148,13.284,11.761,11.434
2021-02-06 14:00:00,11.929,12.888,13.927,12.949,15.201,15.726
2021-02-06 15:00:00,13.186,15.084,14.394,12.007,13.995,13.192
2021-02-06 16:00:00,12.991,12.295,16.422,15.362,10.461,14.468
2021-02-06 17:00:00,10.398,14.847,10.222,16.6,11.529,9.526
2021-02-06 18:00:00,12.928,12.591,11.239,14.024,13.485,17.93
2021-02-06 19:00:00,12.0,8.057,11.36,11.639,10.319,11.169
2021-02-06 20:00:00,8.222,14.231,13.929,10.331,12.945,14.902
2021-02-06 21:00:00,9.747,12.003,12.254,13.098,11.333,10.8
2021-02-06 22:00:00,15.628,11.824,12.411,16.685,10.487,8.666
2021-02-06 23:00:00,14.426,11.47,13.679,13.816,9.993,13.131
2021-02-07 00:00:00,12.531,15.56,10.991,10.566,14.793,13.491
2021-02-07 01:00:00,10.843,10.557,12.596,9.741,10.945,10.92
2021-02-07 02:00:00,12.685,12.847,8.471,10.479,14.871,16.37
2021-02-07 03:00:00,15.354,10.908,10.526,11.96,12.863,11.038
2021-02-07 04:00:00,13.52,13.986,19.11,12.469,8.345,12.423
2021-02-07 05:00:00,9.87,12.983,15.755,13.251,16.438,12.23
2021-02-07 06:00:00,12.879,7.761,14.636,10.931,12.891,8.868
2021-02-07 07:00:00,10.649,12.467,9.507,9.034,13.597,12.317
2021-02-07 08:00:00,15.12,12.29,14.232,10.771,9.471,11.396
2021-02-07 09:00:00,13.462,11.773,13.413,12.314,10.094,38.192
2021-02-07 10:00:00,12.995,10.2,12.85,10.228,13.017,12.411
2021-02-07 11:00:00,11.234,11.462,12.797,10.121,11.524,14.119
2021-02-07 12:00:00,16.623,14.048,15.302,10.928,15.942,16.917
2021-02-07 13:00:00,10.541,8.46,14.975,11.673,18.852,8.94
2021-02-07 14:00:00,14.186,13.481,9.493,10.518,12.52,10.681
2021-02-07 15:00:00,14.889,10.218,13.585,13.197,14.383,13.617
2021-02-07 16:00:00,12.682,14.302,9.726,12.062,10.921,10.759
2021-02-07 17:00:00,9.621,11.809,16.652,9.276,13.081,11.782
2021-02-07 18:00:00,14.932,11.38,11.296,13.475,15.698,9.032
2021-02-07 19:00:00,10.253,12.682,11.461,14.552,13.665,13.777
2021-02-07 20:00:00,11.591,12.66,9.698,11.447,9.121,11.969
2021-02-07 21:00:00,17.535,9.997,13.409,11.206,15.243,14.866
2021-02-07 22:00:00,14.621,14.911,14.742,11.732,9.264,14.128
2021-02-07 23:00:00,11.924,13.67,12.992,12.749,11.366,15.676
2021-02-08 00:00:00,10.029,11.672,11.532,10.52,9.894,15.302
2021-02-08 01:00:00,12.787,14.542,9.988,11.07,14.306,11.243
2021-02-08 02:00:00,14.816,13.588,9.277,13.791,15.157,12.012
2021-02-08 03:00:00,15.518,13.796,15.059,8.485,12.948,14.186
2021-02-08 04:00:00,12.232,13.96,10.266,13.286,9.977,12.197
2021-02-08 05:00:00,16.129,13.121,16.329,12.346,13.907,9.815
2021-02-08 06:00:00,15.883,12.004,9.971,11.398,13.462,15.002
2021-02-08 07:00:00,7.752,14.667,10.16,8.82,15.296,44.6
2021-02-08 08:00:00,8.035,8.091,13.197,11.584,11.487,15.333
2021-02-08 09:00:00,10.556,11.634,11.553,11.95,15.241,15.237
2021-02-08 10:00:00,11.593,11.349,13.342,14.093,13.459,11.964
2021-02-08 11:00:00,8.489,10.523,11.965,14.615,14.068,14.067
2021-02-08 12:00:00,11.814,7.29,12.882,13.927,12.042,14.469
2021-02-08 13:00:00,12.011,13.011,13.271,10.997,12.666,12.275
2021-02-08 14:00:00,13.01,12.257,13.333,10.277,11.293,15.222
2021-02-08 15:00:00,14.561,12.231,12.775,11.539,11.812,12.862
2021-02-08 16:00:00,9.578,11.689,8.239,7.306,10.881,10.846
2021-02-08 17:00:00,8.389,15.129,13.599,14.272,10.842,9.524
2021-02-08 18:00:00,15.358,12.22,14.823,13.371,4.904,13.411
2021-02-08 19:00:00,14.262,12.974,12.131,11.443,10.345,12.861
2021-02-08 20:00:00,12.742,9.207,10.425,11.419,8.194,12.603
2021-02-08 21:00:00,11.592,13.631,13.086,15.025,13.203,18.785
2021-02-08 22:00:00,15.672,10.12,14.447,12.046,13.813,13.864
2021-02-08 23:00:00,14.824,10.513,40.144,13.655,7.272,12.939
2021-02-09 00:00:00,13.615,9.921,10.443,11.337,9.517,14.672
2021-02-09 01:00:00,9.976,9.911,9.281,11.709,11.008,17.635
2021-02-09 02:00:00,16.995,12.63,13.395,11.976,12.535,11.461
2021-02-09 03:00:00,13.905,10.639,13.529,14.023,16.35,13.357
2021-02-09 04:00:00,13.888,12.184,15.421,11.031,12.539,10.291
2021-02-09 05:00:00,12.894,40.307,29.348,10.076,8.058,11.111
2021-02-09 06:00:00,10.593,10.998,17.386,10.275,13.517,14.426
2021-02-09 07:00:00,10.51,14.879,13.644,12.896,9.593,11.747
2021-02-09 08:00:00,12.077,12.482,14.498,11.092,9.901,10.539
2021-02-09 09:00:00,14.542,14.08,12.676,9.54,8.498,13.665
2021-02-09 10:00:00,11.183,14.198,11.706,11.705,12.986,6.549
2021-02-09 11:00:00,15.563,13.908,10.527,11.79,14.001,10.229
2021-02-09 12:00:00,15.578,10.943,11.807,9.7,13.351,9.791
2021-02-09 13:00:00,12.227,10.94,15.629,13.921,9.591,15.342
2021-02-09 14:00:00,17.467,9.382,11.24,15.99,14.886,13.1
2021-02-09 15:00:00,10.696,10.02,12.656,13.934,10.589,10.691
2021-02-09 16:00:00,17.241,13.52,18.025,12.284,9.526,9.527
2021-02-09 17:00:00,9.308,10.095,12.439,11.442,10.261,12.592
2021-02-09 18:00:00,11.243,9.76,11.751,10.247,10.424,16.245
2021-02-09 19:00:00,11.374,15.646,14.858,14.872,6.37,13.175
2021-02-09 20:00:00,15.492,10.265,13.489,46.941,8.722,13.81
2021-02-09 21:00:00,12.12,12.698,12.597,11.848,15.151,9.892
2021-02-09 22:00:00,13.144,8.855,11.941,12.236,11.776,14.149
2021-02-09 23:00:00,12.232,12.125,11.519,13.638,10.1,10.12
2021-02-10 00:00:00,9.471,13.347,9.147,16.088,13.306,11.993
2021-02-10 01:00:00,13.318,15.656,12.276,16.08,13.817,13.481
2021-02-10 02:00:00,13.727,12.207,10.368,11.287,11.876,10.859
2021-02-10 03:00:00,12.943,14.209,9.031,16.145,9.041,15.669
2021-02-10 04:00:00,11.672,13.208,11.457,13.198,12.552,10.38
2021-02-10 05:00:00,12.097,11.039,14.742,13.065,15.886,9.467
2021-02-10 06:00:00,15.149,10.524,13.153,15.87,11.973,9.422
2021-02-10 07:00:00,14.076,8.256,11.962,13.83,12.063,15.841
2021-02-10 08:00:00,10.362,11.666,11.469,12.297,12.886,12.886
2021-02-10 09:00:00,16.016,13.873,14.025,15.306,11.632,39.473
2021-02-10 10:00:00,9.756,10.559,12.996,12.27,14.885,11.178
2021-02-10 11:00:00,15.145,9.771,13.201,13.749,17.184,14.342
2021-02-10 12:00:00,13.825,14.127,12.958,10.375,14.237,12.706
2021-02-10 13:00:00,10.376,14.826,15.982,14.057,8.729,13.73
2021-02-10 14:00:00,11.903,11.477,11.13,14.229,12.918,12.134
2021-02-10 15:00:00,11.102,10.664,13.867,11.186,13.423,11.978
2021-02-10 16:00:00,13.061,12.148,14.307,8.331,13.571,12.882
2021-02-10 17:00:00,17.498,8.158,9.437,10.714,7.675,8.78
2021-02-10 18:00:00,12.656,11.519,13.422,8.021,11.354,12.651
2021-02-10 19:00:00,9.727,13.137,10.334,26.076,13.35,11.148
2021-02-10 20:00:00,26.23,11.988,12.569,42.067,16.72,15.992
2021-02-10 21:00:00,8.183,12.223,14.462,12.579,10.367,8.223
2021-02-10 22:00:00,11.027,13.797,10.904,11.311,9.715,8.877
2021-02-10 23:00:00,13.31,11.729,12.044,6.016,17.458,12.786
2021-02-11 00:00:00,10.611,14.965,9.422,12.518,10.997,11.03
2021-02-11 01:00:00,10.841,12.605,11.052,13.021,14.53,9.845
2021-02-11 02:00:00,10.786,9.628,15.656,13.217,14.978,11.453
2021-02-11 03:00:00,14.229,11.215,13.926,13.266,14.526,14.297
2021-02-11 04:00:00,18.059,15.245,15.377,14.497,13.649,12.812
2021-02-11 05:00:00,18.68,14.796,11.507,13.096,10.486,15.002
2021-02-11 06:00:00,13.65,11.785,8.632,11.091,13.23,8.353
2021-02-11 07:00:00,10.121,12.594,12.819,10.502,10.88,12.946
2021-02-11 08:00:00,11.71,16.18,12.63,17.651,11.311,13.169
2021-02-11 09:00:00,11.623,10.569,9.488,11.509,14.116,12.528
2021-02-11 10:00:00,12.712,7.613,12.683,13.747,15.296,12.641
2021-02-11 11:00:00,10.638,15.912,11.27,12.313,13.437,10.062
2021-02-11 12:00:00,11.987,11.521,11.979,11.561,8.318,11.66
2021-02-11 13:00:00,8.541,11.992,8.913,12.289,15.773,10.129
2021-02-11 14:00:00,15.089,11.969,19.215,10.788,11.87,13.943
2021-02-11 15:00:00,13.968,15.279,13.592,15.65,9.558,11.596
2021-02-11 16:00:00,16.162,10.199,7.91,11.4,10.844,10.438
2021-02-11 17:00:00,11.768,11.777,12.094,7.9,9.717,10.629
2021-02-11 18:00:00,9.312,13.962,16.558,13.752,14.01,11.819
2021-02-11 19:00:00,14.982,13.618,12.579,12.952,13.013,12.049
2021-02-11 20:00:00,15.702,14.35,10.944,16.537,11.656,12.826
2021-02-11 21:00:00,14.616,14.27,9.598,13.225,15.639,16.598
2021-02-11 22:00:00,12.114,11.211,12.915,13.047,11.596,10.793
2021-02-11 23:00:00,11.158,13.509,11.12,12.614,13.374,12.329
2021-02-12 00:00:00,13.491,8.465,11.298,8.219,12.666,9.947
2021-02-12 01:00:00,6.936,11.242,9.809,12.0,11.73,13.316
2021-02-12 02:00:00,7.451,16.76,12.691,16.295,11.633,14.61
2021-02-12 03:00:00,10.29,11.1,15.425,16.693,41.203,13.163
2021-02-12 04:00:00,13.222,10.172,12.117,11.916,14.752,17.328
2021-02-12 05:00:00,13.063,12.837,15.423,14.782,14.388,13.376
2021-02-12 06:00:00,13.239,11.063,8.022,12.477,11.839,9.945
2021-02-12 07:00:00,10.947,13.673,14.177,13.985,9.666,9.069
2021-02-12 08:00:00,10.507,12.317,11.41,13.556,13.542,17.772
2021-02-12 09:00:00,14.519,10.545,13.131,17.043,8.331,16.322
2021-02-12 10:00:00,12.529,11.575,14.121,10.99,7.578,11.397
2021-02-12 11:00:00,12.312,9.842,11.948,12.782,12.421,10.918
2021-02-12 12:00:00,12.214,11.632,16.665,13.721,13.379,9.103
2021-02-12 13:00:00,17.243,12.509,15.55,11.854,12.422,10.236
2021-02-12 14:00:00,11.143,14.562,15.168,9.9,11.133,10.884
2021-02-12 15:00:00,7.848,17.051,9.409,13.314,11.363,9.049
2021-02-12 16:00:00,13.883,9.325,14.46,13.838,11.805,10.682
2021-02-12 17:00:00,14.353,7.861,13.588,11.023,12.401,13.917
2021-02-12 18:00:00,10.665,13.715,14.23,10.63,13.151,16.459
2021-02-12 19:00:00,11.527,10.778,12.856,15.104,10.889,11.771
2021-02-12 20:00:00,14.509,11.126,13.639,9.559,12.955,11.923
2021-02-12 21:00:00,12.128,11.106,9.779,15.61,13.407,8.108
2021-02-12 22:00:00,12.053,9.59,44.159,16.517,12.386,9.959
2021-02-12 23:00:00,10.32,16.346,10.73,15.201,18.335,15.058
2021-02-13 00:00:00,13.938,12.408,16.496,15.262,12.249,13.216
2021-02-13 01:00:00,13.018,13.71,11.361,14.852,38.621,14.554
2021-02-13 02:00:00,11.208,11.363,12.529,13.07,13.023,15.048
2021-02-13 03:00:00,14.214,10.072,13.159,11.039,11.744,14.124
2021-02-13 04:00:00,11.707,12.003,15.123,13.169,11.575,13.4
2021-02-13 05:00:00,15.539,14.614,14.181,12.282,46.401,14.275
2021-02-13 06:00:00,11.747,13.021,14.055,17.129,10.482,12.783
2021-02-13 07:00:00,8.126,16.503,12.072,14.604,15.474,11.717
2021-02-13 08:00:00,13.568,7.46,12.44,12.749,15.003,15.051
2021-02-13 09:00:00,12.126,10.664,13.865,9.733,14.083,12.989
2021-02-13 10:00:00,9.843,10.545,12.512,11.974,12.804,12.956
2021-02-13 11:00:00,12.711,14.507,11.938,9.823,9.518,12.89
2021-02-13 12:00:00,14.973,10.137,13.068,9.511,13.859,13.645
2021-02-13 13:00:00,16.082,12.634,14.507,13.097,10.586,13.676
2021-02-13 14:00:00,13.331,12.231,12.835,8.91,14.897,10.752
2021-02-13 15:00:00,13.099,8.484,6.424,12.671,10.325,8.918
2021-02-13 16:00:00,10.932,10.868,9.647,10.851,9.841,13.062
2021-02-13 17:00:00,11.789,12.516,11.567,13.726,10.716,12.799
2021-02-13 18:00:00,17.684,14.758,14.819,9.503,12.55,12.369
2021-02-13 19:00:00,10.996,14.469,12.964,10.961,12.81,11.815
2021-02-13 20:00:00,11.731,13.949,11.642,14.061,10.377,14.93
2021-02-13 21:00:00,12.133,9.616,11.922,14.995,14.162,13.391
2021-02-13 22:00:00,12.041,12.103,12.838,17.202,13.656,13.078
2021-02-13 23:00:00,11.836,10.905,14.978,14.427,12.965,13.224
2021-02-14 00:00:00,11.653,11.564,13.152,9.413,14.656,13.904
2021-02-14 01:00:00,12.482,8.364,14.65,11.432,12.042,14.362
2021-02-14 02:00:00,11.788,8.994,13.408,14.159,11.136,12.72
2021-02-14 03:00:00,9.32,11.845,9.85,16.269,10.007,11.361
2021-02-14 04:00:00,8.791,11.877,11.74,13.938,8.739,11.983
2021-02-14 05:00:00,8.175,12.803,15.86,11.484,13.8,15.32
2021-02-14 06:00:00,9.443,14.829,10.732,12.948,13.54,14.507
2021-02-14 07:00:00,11.226,12.97,9.457,10.409,13.195,16.335
2021-02-14 08:00:00,13.516,11.774,8.71,13.756,11.204,12.602
2021-02-14 09:00:00,13.425,14.423,7.735,10.515,8.722,12.472
2021-02-14 10:00:00,9.755,9.499,9.652,11.921,14.259,16.34
2021-02-14 11:00:00,7.57,10.569,15.853,15.517,10.305,11.853
2021-02-14 12:00:00,12.627,11.75,12.921,14.312,11.261,13.078
2021-02-14 13:00:00,12.66,18.123,13.234,10.452,12.898,11.895
2021-02-14 14:00:00,11.972,15.146,11.369,13.269,18.592,15.452
2021-02-14 15:00:00,11.154,16.385,14.839,12.409,10.629,12.62
2021-02-14 16:00:00,9.745,15.866,10.402,8.702,13.743,12.874
2021-02-14 17:00:00,13.415,13.097,12.296,17.401,13.052,15.271
2021-02-14 18:00:00,13.197,10.867,14.289,12.172,16.476,12.268
2021-02-14 19:00:00,18.637,13.723,13.895,9.281,13.609,15.645
2021-02-14 20:00:00,12.338,11.437,11.47,12.982,10.29,17.005
2021-02-14 21:00:00,10.544,13.375,11.511,15.804,11.488,9.824
2021-02-14 22:00:00,13.344,16.645,11.694,11.729,13.639,15.271
2021-02-14 23:00:00,11.682,44.779,11.511,12.757,15.051,14.125
2021-02-15 00:00:00,10.272,14.513,12.475,14.173,11.153,15.122
2021-02-15 01:00:00,10.723,11.992,13.197,11.085,13.396,10.729
2021-02-15 02:00:00,13.214,8.278,8.884,14.609,10.854,11.968
2021-02-15 03:00:00,9.79,13.646,14.379,10.068,15.319,11.687
2021-02-15 04:00:00,9.902,9.305,15.502,15.051,10.157,15.118
2021-02-15 05:00:00,11.351,10.954,12.932,10.935,11.147,13.115
2021-02-15 06:00:00,9.048,15.521,13.865,11.035,11.126,13.997
2021-02-15 07:00:00,13.875,16.309,12.525,14.085,9.949,12.137
2021-02-15 08:00:00,11.641,13.768,11.999,15.506,11.763,12.914
2021-02-15 09:00:00,13.406,13.441,5.43,13.037,15.769,31.174
2021-02-15 10:00:00,10.531,11.601,7.473,12.667,11.857,10.705
2021-02-15 11:00:00,13.242,14.626,9.092,12.812,14.084,11.84
2021-02-15 12:00:00,7.618,10.741,12.97,13.238,13.215,14.296
2021-02-15 13:00:00,14.37,12.19,12.272,12.68,14.546,17.141
2021-02-15 14:00:00,13.617,8.784,11.948,17.028,15.394,15.684
2021-02-15 15:00:00,14.665,13.499,13.34,11.99,12.742,13.219
2021-02-15 16:00:00,12.448,11.506,14.374,11.551,12.257,10.509
2021-02-15 17:00:00,11.122,10.073,12.422,10.586,14.271,15.08
2021-02-15 18:00:00,8.997,15.815,12.151,8.132,8.812,10.187
2021-02-15 19:00:00,11.636,10.342,12.077,8.603,16.275,14.958
2021-02-15 20:00:00,10.682,12.025,15.061,11.523,8.759,15.551
2021-02-15 21:00:00,13.132,13.24,15.879,8.812,10.905,11.558
2021-02-15 22:00:00,8.921,7.672,13.516,11.64,14.74,17.13
2021-02-15 23:00:00,10.971,9.651,10.342,11.963,10.019,12.18
2021-02-16 00:00:00,12.444,10.514,11.771,12.771,14.132,8.994
2021-02-16 01:00:00,11.229,10.193,12.584,14.611,12.924,12.723
2021-02-16 02:00:00,14.439,12.851,11.211,14.259,11.709,12.09
2021-02-16 03:00:00,14.545,14.095,13.689,12.908,13.712,13.203
2021-02-16 04:00:00,14.89,9.127,12.818,14.512,12.39,11.023
2021-02-16 05:00:00,13.381,11.197,13.103,15.401,7.769,12.059
2021-02-16 06:00:00,13.586,10.388,13.082,6.749,13.823,11.47
2021-02-16 07:00:00,10.25,10.41,11.736,15.017,8.759,11.999
2021-02-16 08:00:00,15.175,15.426,14.916,11.879,16.21,10.233
2021-02-16 09:00:00,11.043,12.997,11.011,10.02,14.794,13.965
2021-02-16 10:00:00,10.738,9.968,10.2,12.114,16.049,11.351
2021-02-16 11:00:00,10.001,14.342,9.315,7.083,13.834,10.162
2021-02-16 12:00:00,12.08,12.627,12.486,13.037,15.595,15.11
2021-02-16 13:00:00,15.114,12.692,10.171,11.806,16.57,11.344
2021-02-16 14:00:00,12.77,11.053,11.557,11.468,9.783,11.159
2021-02-16 15:00:00,8.927,35.176,14.624,10.764,14.698,14.34
2021-02-16 16:00:00,13.623,13.28,11.852,14.082,11.091,10.372
2021-02-16 17:00:00,16.299,13.205,12.139,15.422,9.75,15.061
2021-02-16 18:00:00,10.342,13.871,7.439,16.445,8.022,10.493
2021-02-16 19:00:00,12.91,9.797,11.383,12.414,14.863,13.653
2021-02-16 20:00:00,11.282,9.131,14.121,9.237,15.017,13.462
2021-02-16 21:00:00,12.273,12.313,13.178,9.059,14.098,16.362
2021-02-16 22:00:00,14.25,10.543,15.193,10.564,12.697,12.735
2021-02-16 23:00:00,16.55,12.262,14.874,12.776,11.847,9.291
2021-02-17 00:00:00,9.173,9.613,17.557,13.923,11.013,7.95
2021-02-17 01:00:00,12.031,12.518,15.334,15.536,11.908,15.647
2021-02-17 02:00:00,12.035,9.041,12.032,8.237,8.097,16.574
2021-02-17 03:00:00,13.814,12.908,10.453,13.614,16.364,10.937
2021-02-17 04:00:00,16.39,15.327,13.21,14.854,10.083,14.712
2021-02-17 05:00:00,14.163,8.313,17.17,9.909,10.129,13.598
2021-02-17 06:00:00,13.485,11.665,14.43,10.354,11.888,15.314
2021-02-17 07:00:00,11.696,11.104,15.82,12.865,8.183,11.496
2021-02-17 08:00:00,9.702,10.176,12.071,12.584,11.616,11.516
2021-02-17 09:00:00,13.935,10.937,16.721,9.903,14.154,12.521
2021-02-17 10:00:00,16.009,15.675,15.967,10.19,8.981,12.69
2021-02-17 11:00:00,9.33,9.417,12.507,13.21,9.197,12.984
2021-02-17 12:00:00,10.807,11.277,14.8,14.674,10.902,15.227
2021-02-17 13:00:00,12.009,10.69,13.054,11.847,13.401,16.733
2021-02-17 14:00:00,14.916,14.524,11.053,12.241,10.803,13.898
2021-02-17 15:00:00,11.8,9.1,14.048,10.884,12.899,11.607
2021-02-17 16:00:00,10.915,10.824,14.687,12.297,12.277,11.073
2021-02-17 17:00:00,13.269,12.121,13.959,9.889,15.489,9.08
2021-02-17 18:00:00,8.292,13.402,12.962,8.917,11.81,10.643
2021-02-17 19:00:00,13.538,18.78,15.746,11.918,12.766,13.085
2021-02-17 20:00:00,13.514,16.629,10.811,8.806,12.271,12.148
2021-02-17 21:00:00,13.11,8.107,13.019,13.77,14.102,10.464
2021-02-17 22:00:00,11.852,11.741,13.186,13.879,10.228,11.955
2021-02-17 23:00:00,15.216,11.729,13.236,10.83,10.342,10.297
2021-02-18 00:00:00,13.269,12.857,7.427,9.258,14.441,7.45
2021-02-18 01:00:00,11.774,13.134,11.447,10.711,13.668,19.266
2021-02-18 02:00:00,11.579,13.617,12.735,11.789,11.693,13.68
2021-02-18 03:00:00,14.8,11.32,11.787,11.483,13.227,15.263
2021-02-18 04:00:00,8.141,10.091,15.946,8.706,9.224,9.905
2021-02-18 05:00:00,12.98,12.174,7.462,15.891,10.952,14.845
2021-02-18 06:00:00,9.753,10.681,10.101,12.086,10.655,11.491
2021-02-18 07:00:00,12.35,13.417,23.95,14.069,9.114,8.514
2021-02-18 08:00:00,16.133,15.047,12.507,12.839,10.041,7.659
2021-02-18 09:00:00,13.538,11.64,13.438,10.764,10.535,8.474
2021-02-18 10:00:00,11.916,12.16,10.668,14.06,14.34,13.309
2021-02-18 11:00:00,8.067,12.663,10.953,8.901,14.454,13.781
2021-02-18 12:00:00,12.244,13.128,12.261,9.973,12.39,11.433
2021-02-18 13:00:00,8.057,12.222,15.803,11.532,15.232,12.585
2021-02-18 14:00:00,7.593,10.332,12.57,15.067,14.896,11.253
2021-02-18 15:00:00,11.693,13.418,9.71,12.817,14.447,12.758
2021-02-18 16:00:00,9.644,17.055,15.526,15.641,12.258,10.795
2021-02-18 17:00:00,11.056,13.081,13.503,9.673,15.449,12.684
2021-02-18 18:00:00,12.823,13.01,14.801,15.631,11.05,12.19
2021-02-18 19:00:00,12.429,14.551,11.547,14.527,12.652,8.893
2021-02-18 20:00:00,14.351,10.161,12.124,11.02,12.338,9.995
2021-02-18 21:00:00,12.347,12.362,12.877,13.118,8.559,12.087
2021-02-18 22:00:00,12.168,12.181,15.368,12.426,12.738,15.067
2021-02-18 23:00:00,14.316,13.434,10.723,12.293,12.571,12.51
2021-02-19 00:00:00,11.037,11.101,15.574,10.545,12.209,11.252
2021-02-19 01:00:00,14.684,11.615,14.417,10.504,10.076,11.717
2021-02-19 02:00:00,16.582,12.76,10.679,14.347,11.741,12.255
2021-02-19 03:00:00,8.573,10.273,9.191,12.475,13.635,12.405
2021-02-19 04:00:00,10.402,8.876,12.168,12.104,12.364,13.13
2021-02-19 05:00:00,13.717,14.452,10.647,14.34,13.286,8.087
2021-02-19 06:00:00,34.661,14.52,14.896,16.224,11.182,14.521
2021-02-19 07:00:00,15.166,10.691,12.726,15.269,11.64,11.368
2021-02-19 08:00:00,11.719,13.544,13.81,11.313,13.231,12.893
2021-02-19 09:00:00,12.392,11.257,14.313,10.266,10.285,12.302
2021-02-19 10:00:00,17.514,14.64,11.63,11.016,9.77,10.977
2021-02-19 11:00:00,8.036,12.333,13.635,13.789,11.142,13.771
2021-02-19 12:00:00,13.626,11.501,10.421,17.49,10.46,10.723
2021-02-19 13:00:00,12.141,12.501,14.654,10.748,13.796,10.74
2021-02-19 14:00:00,10.815,12.152,14.338,9.01,10.388,13.049
2021-02-19 15:00:00,11.327,12.062,14.935,37.613,11.486,11.394
2021-02-19 16:00:00,10.928,12.621,13.116,14.921,14.206,13.44
2021-02-19 17:00:00,11.571,10.819,8.179,11.74,12.45,4.634
2021-02-19 18:00:00,13.796,16.492,13.984,13.68,14.518,9.098
2021-02-19 19:00:00,13.843,13.459,11.31,11.855,14.085,9.643
2021-02-19 20:00:00,16.584,16.832,11.418,12.969,16.909,13.971
2021-02-19 21:00:00,12.795,10.019,10.819,8.328,12.509,11.476
2021-02-19 22:00:00,15.955,9.527,11.389,12.871,10.102,5.662
2021-02-19 23:00:00,10.85,11.046,15.258,9.841,12.972,13.267
2021-02-20 00:00:00,11.739,11.859,14.699,9.071,14.088,41.061
2021-02-20 01:00:00,11.238,7.062,11.485,16.162,14.782,11.582
2021-02-20 02:00:00,9.49,13.52,14.456,14.376,9.907,16.497
2021-02-20 03:00:00,8.632,10.748,19.451,14.581,12.421,10.239
2021-02-20 04:00:00,13.817,11.675,14.903,16.885,11.705,12.633
2021-02-20 05:00:00,14.862,10.66,12.262,12.431,14.783,11.055
2021-02-20 06:00:00,13.268,13.384,6.864,10.673,15.196,9.446
2021-02-20 07:00:00,17.31,11.151,13.325,14.077,10.898,9.599
2021-02-20 08:00:00,11.265,11.215,12.482,13.666,13.591,12.236
2021-02-20 09:00:00,16.503,11.994,12.245,12.177,15.865,10.39
2021-02-20 10:00:00,10.911,13.597,13.924,13.497,7.987,17.579
2021-02-20 11:00:00,7.656,12.113,12.183,12.917,14.392,14.154
2021-02-20 12:00:00,15.658,9.186,11.799,16.193,12.545,12.655
2021-02-20 13:00:00,14.252,12.284,40.49,15.572,12.712,13.42
2021-02-20 14:00:00,12.515,13.051,13.735,12.906,13.287,10.492
2021-02-20 15:00:00,9.957,12.005,13.963,13.14,12.806,13.175
2021-02-20 16:00:00,14.954,13.838,11.755,11.92,11.6,17.946
2021-02-20 17:00:00,12.438,13.77,13.929,12.63,11.52,15.188
2021-02-20 18:00:00,11.493,11.676,11.853,11.264,13.078,9.843
2021-02-20 19:00:00,10.817,8.553,15.05,12.388,13.029,15.695
2021-02-20 20:00:00,14.118,13.955,12.632,8.417,13.776,13.673
2021-02-20 21:00:00,13.207,14.939,12.187,13.34,10.581,14.415
2021-02-20 22:00:00,12.614,13.356,14.182,14.63,13.256,12.449
2021-02-20 23:00:00,12.39,9.878,11.679,9.74,11.206,10.437
2021-02-21 00:00:00,11.595,12.07,15.352,8.826,10.115,12.239
2021-02-21 01:00:00,12.369,13.862,12.216,11.872,9.618,11.128
2021-02-21 02:00:00,13.781,15.001,11.641,11.539,14.427,14.333
2021-02-21 03:00:00,14.342,14.801,14.07,13.303,12.922,11.591
2021-02-21 04:00:00,12.651,15.044,6.769,8.954,13.34,13.45
2021-02-21 05:00:00,11.591,16.401,12.914,14.092,10.077,9.889
2021-02-21 06:00:00,12.504,14.358,10.241,9.748,11.641,11.215
2021-02-21 07:00:00,11.815,13.637,14.439,15.357,12.927,13.475
2021-02-21 08:00:00,13.847,14.405,10.426,15.004,10.01,12.318
2021-02-21 09:00:00,11.054,43.809,13.289,10.279,14.181,13.738
2021-02-21 10:00:00,15.3,11.07,14.356,8.252,13.512,11.691
2021-02-21 11:00:00,11.655,12.712,11.035,9.926,12.168,14.004
2021-02-21 12:00:00,11.4,12.549,13.165,12.3,11.979,10.402
2021-02-21 13:00:00,7.328,10.11,11.035,9.678,13.725,11.414
2021-02-21 14:00:00,8.971,11.736,14.198,13.556,11.951,9.851
2021-02-21 15:00:00,16.603,11.948,13.691,11.624,16.026,9.306
2021-02-21 16:00:00,12.345,8.034,12.891,15.338,10.26,7.186
2021-02-21 17:00:00,13.027,17.163,14.539,10.822,12.866,10.402
2021-02-21 18:00:00,8.344,16.712,9.174,10.749,10.774,16.854
2021-02-21 19:00:00,10.988,12.725,13.841,13.505,10.674,13.436
2021-02-21 20:00:00,15.058,6.231,12.384,13.217,9.524,11.073
2021-02-21 21:00:00,9.518,13.989,10.324,11.547,10.674,8.487
2021-02-21 22:00:00,9.362,13.049,15.076,11.183,14.194,8.471
2021-02-21 23:00:00,9.328,9.06,12.449,12.443,18.76,6.493
2021-02-22 00:00:00,11.105,11.246,12.286,15.825,9.523,10.304
2021-02-22 01:00:00,11.495,12.032,13.091,11.625,12.081,11.84
2021-02-22 02:00:00,14.338,31.758,16.183,12.651,11.505,15.476
2021-02-22 03:00:00,14.676,14.275,12.568,13.187,11.987,12.813
2021-02-22 04:00:00,13.954,15.203,12.275,11.874,12.32,11.086
2021-02-22 05:00:00,14.072,11.172,15.046,43.187,12.546,9.316
2021-02-22 06:00:00,9.658,11.627,11.089,12.845,13.439,10.696
2021-02-22 07:00:00,11.015,12.835,18.87,15.114,11.368,10.538
2021-02-22 08:00:00,14.974,12.314,12.551,10.295,10.054,13.029
2021-02-22 09:00:00,15.338,14.873,16.109,12.996,11.794,8.512
2021-02-22 10:00:00,12.846,11.952,8.186,14.258,13.516,12.528
2021-02-22 11:00:00,9.779,12.239,12.261,13.169,12.32,15.263
2021-02-22 12:00:00,11.276,11.553,6.721,15.919,13.276,11.662
2021-02-22 13:00:00,13.018,9.335,15.763,11.759,13.229,13.002
2021-02-22 14:00:00,13.137,11.459,14.446,10.376,9.902,15.0
2021-02-22 15:00:00,11.771,14.509,9.928,9.371,8.598,13.705
2021-02-22 16:00:00,30.187,12.368,10.609,12.575,15.799,14.191
2021-02-22 17:00:00,13.422,12.364,10.241,13.347,9.838,10.852
2021-02-22 18:00:00,18.685,11.793,13.733,12.721,10.603,14.581
2021-02-22 19:00:00,11.018,8.63,11.315,11.309,9.775,12.712
2021-02-22 20:00:00,6.45,10.37,8.587,9.274,13.13,8.568
2021-02-22 21:00:00,13.497,10.199,17.103,10.472,13.328,7.578
2021-02-22 22:00:00,16.706,11.782,10.073,9.488,13.493,13.157
2021-02-22 23:00:00,12.744,12.053,12.8,14.417,9.929,16.212
2021-02-23 00:00:00,15.168,12.524,11.281,11.473,12.466,10.265
2021-02-23 01:00:00,13.634,11.485,14.05,12.737,12.988,12.616
2021-02-23 02:00:00,14.223,10.776,15.194,15.398,11.169,11.258
2021-02-23 03:00:00,14.11,9.512,10.589,10.158,11.481,13.314
2021-02-23 04:00:00,8.598,12.152,12.794,12.117,18.987,14.417
2021-02-23 05:00:00,11.918,13.426,10.181,12.142,11.713,13.575
2021-02-23 06:00:00,12.117,11.521,9.564,12.322,12.578,12.924
2021-02-23 07:00:00,9.843,10.087,14.562,8.451,9.437,13.25
2021-02-23 08:00:00,12.733,14.452,12.751,14.549,10.921,14.75
2021-02-23 09:00:00,10.964,13.094,11.189,11.221,9.468,11.784
2021-02-23 10:00:00,13.463,11.888,13.71,11.668,11.274,13.542
2021-02-23 11:00:00,16.468,9.872,16.142,12.175,13.1,16.832
2021-02-23 12:00:00,12.535,9.531,12.981,13.656,15.305,13.005
2021-02-23 13:00:00,14.233,12.637,14.557,11.445,15.731,13.862
2021-02-23 14:00:00,10.887,11.505,8.191,40.164,10.442,11.801
2021-02-23 15:00:00,11.682,11.334,16.5,7.494,11.975,12.255
2021-02-23 16:00:00,14.631,12.381,11.494,15.732,11.946,7.615
2021-02-23 17:00:00,11.586,12.137,11.237,12.858,10.818,15.637
2021-02-23 18:00:00,10.074,13.693,11.283,10.882,15.67,15.565
2021-02-23 19:00:00,12.832,14.602,11.514,11.076,10.188,14.49
2021-02-23 20:00:00,12.984,11.071,15.529,13.346,12.698,13.49
2021-02-23 21:00:00,11.534,31.773,12.177,16.733,9.32,12.649
2021-02-23 22:00:00,15.48,14.74,10.662,12.195,11.816,9.814
2021-02-23 23:00:00,13.063,15.263,14.616,12.296,10.984,12.074
2021-02-24 00:00:00,13.716,11.977,15.918,9.752,14.754,7.394
2021-02-24 01:00:00,10.004,10.228,13.507,7.344,12.187,15.345
2021-02-24 02:00:00,13.886,12.796,7.335,8.958,14.876,10.144
2021-02-24 03:00:00,13.626,9.736,13.585,12.117,15.769,15.079
2021-02-24 04:00:00,12.359,13.692,14.652,8.84,14.358,15.539
2021-02-24 05:00:00,11.068,14.083,12.574,10.821,7.711,11.648
2021-02-24 06:00:00,11.243,12.736,11.406,14.056,18.598,15.156
2021-02-24 07:00:00,8.423,17.75,16.185,12.721,10.923,11.107
2021-02-24 08:00:00,9.174,9.95,11.732,12.196,10.097,7.769
2021-02-24 09:00:00,12.357,12.713,9.994,12.845,11.579,16.688
2021-02-24 10:00:00,11.342,11.182,11.121,17.508,12.1,12.636
2021-02-24 11:00:00,13.602,10.736,32.563,13.801,10.98,11.082
2021-02-24 12:00:00,12.33,12.587,14.889,14.487,15.128,10.511
2021-02-24 13:00:00,9.756,9.981,15.719,12.237,11.148,12.168
2021-02-24 14:00:00,11.732,9.976,12.281,15.82,8.557,10.069
2021-02-24 15:00:00,15.54,13.97,15.197,9.527,10.332,12.791
2021-02-24 16:00:00,11.45,11.583,15.543,16.385,13.056,13.302
2021-02-24 17:00:00,9.999,12.364,12.412,10.805,17.87,13.399
2021-02-24 18:00:00,8.803,10.688,11.241,13.083,12.196,15.872
2021-02-24 19:00:00,16.317,12.455,13.518,13.251,13.239,11.722
2021-02-24 20:00:00,15.844,8.911,13.238,16.836,11.523,13.849
2021-02-24 21:00:00,12.064,12.024,12.521,11.924,8.126,42.462
2021-02-24 22:00:00,12.318,10.959,14.452,13.331,12.677,11.496
2021-02-24 23:00:00,14.03,15.199,11.541,10.368,14.603,12.287
2021-02-25 00:00:00,13.358,11.406,48.593,13.149,8.211,17.786
2021-02-25 01:00:00,15.846,14.949,12.608,31.29,11.029,11.57
2021-02-25 02:00:00,12.943,11.463,14.994,11.477,12.987,13.107
2021-02-25 03:00:00,13.096,14.016,7.62,11.808,12.154,13.099
2021-02-25 04:00:00,14.413,10.037,14.058,13.886,12.748,16.261
2021-02-25 05:00:00,16.545,15.222,18.242,11.18,11.47,8.48
2021-02-25 06:00:00,14.774,12.68,14.22,13.262,14.07,11.51
2021-02-25 07:00:00,12.131,15.751,14.392,10.689,6.796,12.05
2021-02-25 08:00:00,14.079,11.607,11.138,10.448,13.47,12.326
2021-02-25 09:00:00,11.065,11.683,12.846,10.72,13.734,10.464
2021-02-25 10:00:00,9.925,12.142,13.173,12.432,16.554,10.028
2021-02-25 11:00:00,11.485,8.613,11.957,12.23,15.551,12.502
2021-02-25 12:00:00,14.208,11.454,16.308,11.034,8.594,12.405
2021-02-25 13:00:00,12.485,9.574,10.538,14.545,10.073,11.847
2021-02-25 14:00:00,14.919,10.88,10.237,12.308,15.248,10.704
2021-02-25 15:00:00,11.684,13.686,13.476,12.973,11.599,7.391
2021-02-25 16:00:00,12.458,12.534,11.913,16.118,10.379,7.447
2021-02-25 17:00:00,12.129,13.806,8.61,14.085,12.564,13.365
2021-02-25 18:00:00,12.908,12.774,14.096,10.869,47.751,8.861
2021-02-25 19:00:00,11.421,19.414,14.952,8.588,9.761,10.564
2021-02-25 20:00:00,13.778,11.562,15.48,14.092,12.377,13.306
2021-02-25 21:00:00,15.205,14.069,16.051,10.046,13.123,9.278
2021-02-25 22:00:00,16.437,12.549,9.532,12.412,11.639,11.606
2021-02-25 23:00:00,9.037,10.978,11.302,10.457,16.472,11.278
2021-02-26 00:00:00,7.952,12.295,10.454,14.991,9.286,14.079
2021-02-26 01:00:00,12.662,7.88,11.849,7.849,12.857,14.584
2021-02-26 02:00:00,12.662,14.101,17.768,12.709,17.904,10.1
2021-02-26 03:00:00,11.744,9.775,11.399,12.008,12.811,9.721
2021-02-26 04:00:00,11.785,7.515,13.451,9.968,16.856,11.963
2021-02-26 05:00:00,10.402,12.466,16.494,11.773,14.438,9.771
2021-02-26 06:00:00,12.724,11.862,12.805,11.256,10.623,10.943
2021-02-26 07:00:00,13.443,14.312,11.639,15.875,12.813,9.253
2021-02-26 08:00:00,12.006,9.862,16.226,9.767,12.035,10.906
2021-02-26 09:00:00,16.039,18.616,9.401,13.27,10.157,13.117
2021-02-26 10:00:00,13.82,13.548,16.358,10.254,12.215,14.654
2021-02-26 11:00:00,13.794,8.312,12.515,12.004,9.641,15.692
2021-02-26 12:00:00,12.733,11.932,15.729,11.9,13.945,13.111
2021-02-26 13:00:00,12.555,10.188,10.661,9.761,14.137,13.761
2021-02-26 14:00:00,10.953,13.018,14.574,18.419,11.493,17.368
2021-02-26 15:00:00,9.72,14.946,10.175,10.264,10.488,12.215
2021-02-26 16:00:00,12.735,13.913,13.622,11.953,13.901,12.051
2021-02-26 17:00:00,12.643,8.424,10.15,10.527,13.32,12.08
2021-02-26 18:00:00,10.098,12.61,12.113,13.958,11.622,10.541
2021-02-26 19:00:00,10.605,12.764,11.268,13.625,13.065,11.36
2021-02-26 20:00:00,12.322,10.451,11.772,10.889,11.527,13.14
2021-02-26 21:00:00,13.083,14.973,8.847,13.222,15.016,17.315
2021-02-26 22:00:00,11.755,11.8,11.024,8.116,12.244,13.232
2021-02-26 23:00:00,11.709,11.456,12.81,14.557,17.592,12.611
2021-02-27 00:00:00,10.968,10.94,10.085,12.897,10.147,12.782
2021-02-27 01:00:00,40.398,10.631,10.842,16.725,10.752,13.917
2021-02-27 02:00:00,10.146,13.898,16.92,10.793,8.747,15.103
2021-02-27 03:00:00,11.095,11.265,13.301,14.192,15.451,10.531
2021-02-27 04:00:00,11.89,11.94,13.975,16.899,13.1,11.894
2021-02-27 05:00:00,13.264,9.844,12.5,14.661,9.628,11.269
2021-02-27 06:00:00,10.648,11.324,11.78,12.163,15.543,12.406
2021-02-27 07:00:00,9.481,11.39,15.412,12.821,12.777,11.411
2021-02-27 08:00:00,10.92,9.251,7.563,13.653,12.737,13.301
2021-02-27 09:00:00,15.767,8.618,12.482,15.021,13.15,11.988
2021-02-27 10:00:00,14.198,12.123,10.17,11.369,11.109,10.828
2021-02-27 11:00:00,10.473,11.856,13.98,8.523,10.304,11.27
2021-02-27 12:00:00,14.211,10.308,12.259,12.473,14.106,12.409
2021-02-27 13:00:00,11.973,29.982,10.697,10.122,13.209,10.739
2021-02-27 14:00:00,12.402,16.162,12.48,16.823,12.725,14.17
2021-02-27 15:00:00,14.021,17.369,16.037,17.166,13.806,12.887
2021-02-27 16:00:00,11.25,39.554,13.447,15.648,14.775,9.262
2021-02-27 17:00:00,14.26,9.958,12.808,13.604,12.315,11.52
2021-02-27 18:00:00,8.404,13.442,15.286,12.754,12.819,13.355
2021-02-27 19:00:00,15.133,11.932,8.351,12.653,12.562,9.858
2021-02-27 20:00:00,16.683,12.438,11.794,11.694,12.869,13.1
2021-02-27 21:00:00,13.834,14.226,14.883,13.554,12.359,8.781
2021-02-27 22:00:00,14.143,10.18,14.701,10.54,11.868,12.444
2021-02-27 23:00:00,10.015,10.654,12.96,13.835,16.511,11.489
2021-02-28 00:00:00,14.881,11.324,9.961,10.969,11.032,11.208
2021-02-28 01:00:00,9.588,12.121,13.504,12.939,9.42,11.014
2021-02-28 02:00:00,12.892,12.48,8.217,13.619,12.183,11.179
2021-02-28 03:00:00,9.82,12.036,15.691,12.758,10.496,9.313
2021-02-28 04:00:00,12.701,16.661,12.549,15.006,12.546,12.055
2021-02-28 05:00:00,11.568,12.618,12.178,15.655,12.1,11.973
2021-02-28 06:00:00,13.414,15.117,13.498,11.024,13.078,11.952
2021-02-28 07:00:00,12.321,15.584,15.268,11.519,12.514,11.827
2021-02-28 08:00:00,11.278,9.552,12.662,15.152,15.447,13.23
2021-02-28 09:00:00,10.793,12.875,11.488,10.641,14.294,12.813
2021-02-28 10:00:00,13.131,13.051,8.162,14.277,13.226,7.724
2021-02-28 11:00:00,8.668,14.103,13.912,13.555,9.604,12.302
2021-02-28 12:00:00,12.122,14.078,13.631,13.468,18.148,11.419
2021-02-28 13:00:00,11.983,12.354,13.742,16.654,13.603,8.575
2021-02-28 14:00:00,7.121,8.897,12.2,9.567,14.234,14.416
2021-02-28 15:00:00,12.591,11.137,11.077,12.123,15.347,13.943
2021-02-28 16:00:00,12.578,9.865,12.739,10.2,14.241,12.569
2021-02-28 17:00:00,11.341,15.127,11.331,32.133,13.682,10.745
2021-02-28 18:00:00,12.831,15.619,12.204,16.841,12.311,17.984
2021-02-28 19:00:00,7.832,12.268,15.533,12.902,15.65,17.502
2021-02-28 20:00:00,10.476,10.11,15.108,12.368,11.188,14.035
2021-02-28 21:00:00,10.51,13.266,12.634,11.171,11.706,11.36
2021-02-28 22:00:00,11.495,15.834,13.326,10.091,16.064,9.527
2021-02-28 23:00:00,12.488,11.615,10.725,16.628,15.303,6.842
2021-03-01 00:00:00,15.162,16.834,11.397,18.678,11.544,9.305
2021-03-01 01:00:00,12.404,13.29,10.135,11.866,14.502,15.164
2021-03-01 02:00:00,13.678,9.499,14.391,15.268,13.004,12.862
2021-03-01 03:00:00,9.933,12.089,35.913,14.337,13.662,10.457
2021-03-01 04:00:00,10.626,11.427,15.743,12.077,11.824,11.861
2021-03-01 05:00:00,12.756,11.951,14.153,11.711,11.441,12.273
2021-03-01 06:00:00,11.543,10.186,12.18,13.138,9.752,13.93
2021-03-01 07:00:00,14.976,13.053,13.764,12.311,9.111,12.335
2021-03-01 08:00:00,13.293,14.252,12.034,11.679,12.549,12.422
2021-03-01 09:00:00,13.203,11.645,12.061,14.836,10.12,12.601
2021-03-01 10:00:00,11.679,14.745,11.857,13.013,11.363,13.109
2021-03-01 11:00:00,9.276,9.775,10.784,13.527,10.993,13.131
2021-03-01 12:00:00,10.354,12.049,11.368,12.211,10.011,9.986
2021-03-01 13:00:00,14.106,13.434,17.632,14.961,15.312,15.247
2021-03-01 14:00:00,8.418,10.773,15.445,12.533,8.627,12.833
2021-03-01 15:00:00,8.902,11.026,12.43,13.093,10.753,13.366
2021-03-01 16:00:00,14.875,11.362,8.832,9.802,14.587,11.757
2021-03-01 17:00:00,12.067,9.356,14.182,11.198,13.337,9.479
2021-03-01 18:00:00,9.592,12.795,13.825,10.547,13.315,10.221
2021-03-01 19:00:00,10.524,11.745,8.484,10.518,12.017,14.516
2021-03-01 20:00:00,11.241,15.514,13.111,11.305,28.418,13.981
2021-03-01 21:00:00,12.532,14.378,8.551,18.776,12.445,13.524
2021-03-01 22:00:00,11.827,15.609,12.554,9.096,11.437,11.572
2021-03-01 23:00:00,14.67,17.467,13.672,11.421,12.259,14.026
